u_acc,iteration,true accuracy,threshold,quantity
0.6122449040412903,250.0,0.1544,90.0,49.0
0.6511628031730652,250.0,0.1544,91.0,43.0
0.6486486196517944,250.0,0.1544,92.0,37.0
0.65625,250.0,0.1544,93.0,32.0
0.6774193644523621,250.0,0.1544,94.0,31.0
0.6296296119689941,250.0,0.1544,95.0,27.0
0.5909090638160706,250.0,0.1544,96.0,22.0
0.5882353186607361,250.0,0.1544,97.0,17.0
0.6666666865348816,250.0,0.1544,98.0,12.0
0.75,250.0,0.1544,99.0,4.0
0.6527777910232544,300.0,0.1544,90.0,72.0
0.692307710647583,300.0,0.1544,91.0,65.0
0.7068965435028076,300.0,0.1544,92.0,58.0
0.7321428656578064,300.0,0.1544,93.0,56.0
0.7222222089767456,300.0,0.1544,94.0,54.0
0.717391312122345,300.0,0.1544,95.0,46.0
0.7105262875556946,300.0,0.1544,96.0,38.0
0.7241379022598267,300.0,0.1544,97.0,29.0
0.7142857313156128,300.0,0.1544,98.0,21.0
0.8571428656578064,300.0,0.1544,99.0,14.0
0.6071428656578064,350.0,0.1544,90.0,84.0
0.6363636255264282,350.0,0.1544,91.0,77.0
0.6301369667053223,350.0,0.1544,92.0,73.0
0.6567164063453674,350.0,0.1544,93.0,67.0
0.6666666865348816,350.0,0.1544,94.0,60.0
0.6666666865348816,350.0,0.1544,95.0,48.0
0.75,350.0,0.1544,96.0,40.0
0.7567567825317383,350.0,0.1544,97.0,37.0
0.8125,350.0,0.1544,98.0,32.0
0.7222222089767456,350.0,0.1544,99.0,18.0
0.6285714507102966,400.0,0.1544,90.0,105.0
0.6530612111091614,400.0,0.1544,91.0,98.0
0.6489361524581909,400.0,0.1544,92.0,94.0
0.6341463327407837,400.0,0.1544,93.0,82.0
0.6329113841056824,400.0,0.1544,94.0,79.0
0.6351351141929626,400.0,0.1544,95.0,74.0
0.6461538672447205,400.0,0.1544,96.0,65.0
0.6909090876579285,400.0,0.1544,97.0,55.0
0.6739130616188049,400.0,0.1544,98.0,46.0
0.7333333492279053,400.0,0.1544,99.0,30.0
0.6355932354927063,450.0,0.194,90.0,118.0
0.6545454263687134,450.0,0.194,91.0,110.0
0.656862735748291,450.0,0.194,92.0,102.0
0.6666666865348816,450.0,0.194,93.0,96.0
0.6777777671813965,450.0,0.194,94.0,90.0
0.6666666865348816,450.0,0.194,95.0,81.0
0.6944444179534912,450.0,0.194,96.0,72.0
0.6865671873092651,450.0,0.194,97.0,67.0
0.7058823704719543,450.0,0.194,98.0,51.0
0.71875,450.0,0.194,99.0,32.0
0.5446428656578064,500.0,0.194,90.0,112.0
0.5631067752838135,500.0,0.194,91.0,103.0
0.5520833134651184,500.0,0.194,92.0,96.0
0.5617977380752563,500.0,0.194,93.0,89.0
0.5853658318519592,500.0,0.194,94.0,82.0
0.5890411138534546,500.0,0.194,95.0,73.0
0.5737704634666443,500.0,0.194,96.0,61.0
0.6153846383094788,500.0,0.194,97.0,52.0
0.6486486196517944,500.0,0.194,98.0,37.0
0.6818181872367859,500.0,0.194,99.0,22.0
0.6322580575942993,550.0,0.194,90.0,155.0
0.6442952752113342,550.0,0.194,91.0,149.0
0.6549295783042908,550.0,0.194,92.0,142.0
0.6640625,550.0,0.194,93.0,128.0
0.6842105388641357,550.0,0.194,94.0,114.0
0.692307710647583,550.0,0.194,95.0,104.0
0.6969696879386902,550.0,0.194,96.0,99.0
0.6904761791229248,550.0,0.194,97.0,84.0
0.6666666865348816,550.0,0.194,98.0,69.0
0.6734693646430969,550.0,0.194,99.0,49.0
0.6030534505844116,600.0,0.194,90.0,131.0
0.6147540807723999,600.0,0.194,91.0,122.0
0.6283186078071594,600.0,0.194,92.0,113.0
0.6168224215507507,600.0,0.194,93.0,107.0
0.6494845151901245,600.0,0.194,94.0,97.0
0.6404494643211365,600.0,0.194,95.0,89.0
0.649350643157959,600.0,0.194,96.0,77.0
0.6571428775787354,600.0,0.194,97.0,70.0
0.688524603843689,600.0,0.194,98.0,61.0
0.7857142686843872,600.0,0.194,99.0,42.0
0.484375,650.0,0.2231,90.0,128.0
0.5081967115402222,650.0,0.2231,91.0,122.0
0.5263158082962036,650.0,0.2231,92.0,114.0
0.5321100950241089,650.0,0.2231,93.0,109.0
0.5463917255401611,650.0,0.2231,94.0,97.0
0.5287356376647949,650.0,0.2231,95.0,87.0
0.5066666603088379,650.0,0.2231,96.0,75.0
0.4920634925365448,650.0,0.2231,97.0,63.0
0.529411792755127,650.0,0.2231,98.0,51.0
0.5675675868988037,650.0,0.2231,99.0,37.0
0.6260162591934204,700.0,0.2231,90.0,123.0
0.634782612323761,700.0,0.2231,91.0,115.0
0.6380952596664429,700.0,0.2231,92.0,105.0
0.6494845151901245,700.0,0.2231,93.0,97.0
0.6666666865348816,700.0,0.2231,94.0,90.0
0.675000011920929,700.0,0.2231,95.0,80.0
0.6461538672447205,700.0,0.2231,96.0,65.0
0.6551724076271057,700.0,0.2231,97.0,58.0
0.7560975551605225,700.0,0.2231,98.0,41.0
0.9615384340286255,700.0,0.2231,99.0,26.0
0.6357142925262451,750.0,0.2231,90.0,140.0
0.641791045665741,750.0,0.2231,91.0,134.0
0.6614173054695129,750.0,0.2231,92.0,127.0
0.6864407062530518,750.0,0.2231,93.0,118.0
0.684684693813324,750.0,0.2231,94.0,111.0
0.6990291476249695,750.0,0.2231,95.0,103.0
0.7362637519836426,750.0,0.2231,96.0,91.0
0.738095223903656,750.0,0.2231,97.0,84.0
0.7971014380455017,750.0,0.2231,98.0,69.0
0.8269230723381042,750.0,0.2231,99.0,52.0
0.5413534045219421,800.0,0.2231,90.0,133.0
0.5511810779571533,800.0,0.2231,91.0,127.0
0.568965494632721,800.0,0.2231,92.0,116.0
0.5765765905380249,800.0,0.2231,93.0,111.0
0.5918367505073547,800.0,0.2231,94.0,98.0
0.5888888835906982,800.0,0.2231,95.0,90.0
0.6000000238418579,800.0,0.2231,96.0,80.0
0.6086956262588501,800.0,0.2231,97.0,69.0
0.6037735939025879,800.0,0.2231,98.0,53.0
0.6486486196517944,800.0,0.2231,99.0,37.0
0.6308724880218506,850.0,0.2785,90.0,149.0
0.6338028311729431,850.0,0.2785,91.0,142.0
0.6363636255264282,850.0,0.2785,92.0,132.0
0.6475409865379333,850.0,0.2785,93.0,122.0
0.6636363863945007,850.0,0.2785,94.0,110.0
0.6634615659713745,850.0,0.2785,95.0,104.0
0.6632652878761292,850.0,0.2785,96.0,98.0
0.6744186282157898,850.0,0.2785,97.0,86.0
0.6764705777168274,850.0,0.2785,98.0,68.0
0.6976743936538696,850.0,0.2785,99.0,43.0
0.6510066986083984,900.0,0.2785,90.0,149.0
0.6690140962600708,900.0,0.2785,91.0,142.0
0.6691176295280457,900.0,0.2785,92.0,136.0
0.6935483813285828,900.0,0.2785,93.0,124.0
0.6896551847457886,900.0,0.2785,94.0,116.0
0.7075471878051758,900.0,0.2785,95.0,106.0
0.7010309100151062,900.0,0.2785,96.0,97.0
0.7142857313156128,900.0,0.2785,97.0,77.0
0.7164179086685181,900.0,0.2785,98.0,67.0
0.804347813129425,900.0,0.2785,99.0,46.0
0.601190447807312,950.0,0.2785,90.0,168.0
0.5925925970077515,950.0,0.2785,91.0,162.0
0.5897436141967773,950.0,0.2785,92.0,156.0
0.591549277305603,950.0,0.2785,93.0,142.0
0.6000000238418579,950.0,0.2785,94.0,135.0
0.6062992215156555,950.0,0.2785,95.0,127.0
0.6068376302719116,950.0,0.2785,96.0,117.0
0.6095238327980042,950.0,0.2785,97.0,105.0
0.617977499961853,950.0,0.2785,98.0,89.0
0.6969696879386902,950.0,0.2785,99.0,66.0
0.7006369233131409,1000.0,0.2785,90.0,157.0
0.7027027010917664,1000.0,0.2785,91.0,148.0
0.6993007063865662,1000.0,0.2785,92.0,143.0
0.7153846025466919,1000.0,0.2785,93.0,130.0
0.7217391133308411,1000.0,0.2785,94.0,115.0
0.7403846383094788,1000.0,0.2785,95.0,104.0
0.7473683953285217,1000.0,0.2785,96.0,95.0
0.762499988079071,1000.0,0.2785,97.0,80.0
0.8028169274330139,1000.0,0.2785,98.0,71.0
0.800000011920929,1000.0,0.2785,99.0,55.0
0.6942675113677979,1050.0,0.3376,90.0,157.0
0.6993464231491089,1050.0,0.3376,91.0,153.0
0.6979866027832031,1050.0,0.3376,92.0,149.0
0.7214285731315613,1050.0,0.3376,93.0,140.0
0.751937985420227,1050.0,0.3376,94.0,129.0
0.7479674816131592,1050.0,0.3376,95.0,123.0
0.7678571343421936,1050.0,0.3376,96.0,112.0
0.7884615659713745,1050.0,0.3376,97.0,104.0
0.8170731663703918,1050.0,0.3376,98.0,82.0
0.8358209133148193,1050.0,0.3376,99.0,67.0
0.6602563858032227,1100.0,0.3376,90.0,156.0
0.6711409687995911,1100.0,0.3376,91.0,149.0
0.673758864402771,1100.0,0.3376,92.0,141.0
0.6764705777168274,1100.0,0.3376,93.0,136.0
0.6953125,1100.0,0.3376,94.0,128.0
0.7264957427978516,1100.0,0.3376,95.0,117.0
0.7333333492279053,1100.0,0.3376,96.0,105.0
0.7692307829856873,1100.0,0.3376,97.0,91.0
0.8082191944122314,1100.0,0.3376,98.0,73.0
0.8399999737739563,1100.0,0.3376,99.0,50.0
0.6347305178642273,1150.0,0.3376,90.0,167.0
0.6392405033111572,1150.0,0.3376,91.0,158.0
0.6447368264198303,1150.0,0.3376,92.0,152.0
0.6575342416763306,1150.0,0.3376,93.0,146.0
0.6764705777168274,1150.0,0.3376,94.0,136.0
0.7016128897666931,1150.0,0.3376,95.0,124.0
0.7168141603469849,1150.0,0.3376,96.0,113.0
0.7475728392601013,1150.0,0.3376,97.0,103.0
0.7666666507720947,1150.0,0.3376,98.0,90.0
0.8507462739944458,1150.0,0.3376,99.0,67.0
0.6273291707038879,1200.0,0.3376,90.0,161.0
0.6298701167106628,1200.0,0.3376,91.0,154.0
0.6216216087341309,1200.0,0.3376,92.0,148.0
0.625,1200.0,0.3376,93.0,144.0
0.6515151262283325,1200.0,0.3376,94.0,132.0
0.6611570119857788,1200.0,0.3376,95.0,121.0
0.6666666865348816,1200.0,0.3376,96.0,108.0
0.698924720287323,1200.0,0.3376,97.0,93.0
0.7037037014961243,1200.0,0.3376,98.0,81.0
0.7457627058029175,1200.0,0.3376,99.0,59.0
0.5935828685760498,1250.0,0.382,90.0,187.0
0.6043956279754639,1250.0,0.382,91.0,182.0
0.6206896305084229,1250.0,0.382,92.0,174.0
0.6227545142173767,1250.0,0.382,93.0,167.0
0.6387096643447876,1250.0,0.382,94.0,155.0
0.6458333134651184,1250.0,0.382,95.0,144.0
0.6567164063453674,1250.0,0.382,96.0,134.0
0.6554622054100037,1250.0,0.382,97.0,119.0
0.7029703259468079,1250.0,0.382,98.0,101.0
0.7297297120094299,1250.0,0.382,99.0,74.0
0.6321839094161987,1300.0,0.382,90.0,174.0
0.6234567761421204,1300.0,0.382,91.0,162.0
0.6352201104164124,1300.0,0.382,92.0,159.0
0.6405228972434998,1300.0,0.382,93.0,153.0
0.6597222089767456,1300.0,0.382,94.0,144.0
0.6518518328666687,1300.0,0.382,95.0,135.0
0.6695652008056641,1300.0,0.382,96.0,115.0
0.7128713130950928,1300.0,0.382,97.0,101.0
0.7333333492279053,1300.0,0.382,98.0,90.0
0.7647058963775635,1300.0,0.382,99.0,68.0
0.6867470145225525,1350.0,0.382,90.0,166.0
0.6937500238418579,1350.0,0.382,91.0,160.0
0.7105262875556946,1350.0,0.382,92.0,152.0
0.7210884094238281,1350.0,0.382,93.0,147.0
0.7253521084785461,1350.0,0.382,94.0,142.0
0.7299270033836365,1350.0,0.382,95.0,137.0
0.7441860437393188,1350.0,0.382,96.0,129.0
0.7798165082931519,1350.0,0.382,97.0,109.0
0.8131868243217468,1350.0,0.382,98.0,91.0
0.8305084705352783,1350.0,0.382,99.0,59.0
0.7222222089767456,1400.0,0.382,90.0,180.0
0.7225433588027954,1400.0,0.382,91.0,173.0
0.7423312664031982,1400.0,0.382,92.0,163.0
0.7599999904632568,1400.0,0.382,93.0,150.0
0.7724137902259827,1400.0,0.382,94.0,145.0
0.7851851582527161,1400.0,0.382,95.0,135.0
0.7967479825019836,1400.0,0.382,96.0,123.0
0.843137264251709,1400.0,0.382,97.0,102.0
0.8571428656578064,1400.0,0.382,98.0,84.0
0.8615384697914124,1400.0,0.382,99.0,65.0
0.6971428394317627,1450.0,0.4166,90.0,175.0
0.6946107745170593,1450.0,0.4166,91.0,167.0
0.7169811129570007,1450.0,0.4166,92.0,159.0
0.7200000286102295,1450.0,0.4166,93.0,150.0
0.7202796936035156,1450.0,0.4166,94.0,143.0
0.7164179086685181,1450.0,0.4166,95.0,134.0
0.7478991746902466,1450.0,0.4166,96.0,119.0
0.75,1450.0,0.4166,97.0,100.0
0.7444444298744202,1450.0,0.4166,98.0,90.0
0.7837837934494019,1450.0,0.4166,99.0,74.0
0.6648351550102234,1500.0,0.4166,90.0,182.0
0.6725146174430847,1500.0,0.4166,91.0,171.0
0.6829268336296082,1500.0,0.4166,92.0,164.0
0.6838709712028503,1500.0,0.4166,93.0,155.0
0.7054794430732727,1500.0,0.4166,94.0,146.0
0.7007299065589905,1500.0,0.4166,95.0,137.0
0.71074378490448,1500.0,0.4166,96.0,121.0
0.7281553149223328,1500.0,0.4166,97.0,103.0
0.759036123752594,1500.0,0.4166,98.0,83.0
0.779411792755127,1500.0,0.4166,99.0,68.0
0.7444444298744202,1550.0,0.4166,90.0,180.0
0.7443181872367859,1550.0,0.4166,91.0,176.0
0.7544910311698914,1550.0,0.4166,92.0,167.0
0.7643312215805054,1550.0,0.4166,93.0,157.0
0.7599999904632568,1550.0,0.4166,94.0,150.0
0.7518247961997986,1550.0,0.4166,95.0,137.0
0.7642276287078857,1550.0,0.4166,96.0,123.0
0.7570093274116516,1550.0,0.4166,97.0,107.0
0.7640449404716492,1550.0,0.4166,98.0,89.0
0.8305084705352783,1550.0,0.4166,99.0,59.0
0.7409326434135437,1600.0,0.4166,90.0,193.0
0.7486631274223328,1600.0,0.4166,91.0,187.0
0.7555555701255798,1600.0,0.4166,92.0,180.0
0.7757575511932373,1600.0,0.4166,93.0,165.0
0.774193525314331,1600.0,0.4166,94.0,155.0
0.7837837934494019,1600.0,0.4166,95.0,148.0
0.7862595319747925,1600.0,0.4166,96.0,131.0
0.7966101765632629,1600.0,0.4166,97.0,118.0
0.7924528121948242,1600.0,0.4166,98.0,106.0
0.8395061492919922,1600.0,0.4166,99.0,81.0
0.6595744490623474,1650.0,0.446,90.0,188.0
0.6611111164093018,1650.0,0.446,91.0,180.0
0.6842105388641357,1650.0,0.446,92.0,171.0
0.6913580298423767,1650.0,0.446,93.0,162.0
0.7066666483879089,1650.0,0.446,94.0,150.0
0.7338129281997681,1650.0,0.446,95.0,139.0
0.7479674816131592,1650.0,0.446,96.0,123.0
0.7586206793785095,1650.0,0.446,97.0,116.0
0.7572815418243408,1650.0,0.446,98.0,103.0
0.7469879388809204,1650.0,0.446,99.0,83.0
0.6666666865348816,1700.0,0.446,90.0,177.0
0.6607142686843872,1700.0,0.446,91.0,168.0
0.662420392036438,1700.0,0.446,92.0,157.0
0.6710526347160339,1700.0,0.446,93.0,152.0
0.6830986142158508,1700.0,0.446,94.0,142.0
0.6846153736114502,1700.0,0.446,95.0,130.0
0.7058823704719543,1700.0,0.446,96.0,119.0
0.7102803587913513,1700.0,0.446,97.0,107.0
0.7368420958518982,1700.0,0.446,98.0,95.0
0.7746478915214539,1700.0,0.446,99.0,71.0
0.6935483813285828,1750.0,0.446,90.0,186.0
0.7109826803207397,1750.0,0.446,91.0,173.0
0.7160493731498718,1750.0,0.446,92.0,162.0
0.7151898741722107,1750.0,0.446,93.0,158.0
0.7290322780609131,1750.0,0.446,94.0,155.0
0.7278911471366882,1750.0,0.446,95.0,147.0
0.7443609237670898,1750.0,0.446,96.0,133.0
0.7603305578231812,1750.0,0.446,97.0,121.0
0.75,1750.0,0.446,98.0,108.0
0.7931034564971924,1750.0,0.446,99.0,87.0
0.6764705777168274,1800.0,0.446,90.0,170.0
0.6851851940155029,1800.0,0.446,91.0,162.0
0.6903225779533386,1800.0,0.446,92.0,155.0
0.6979866027832031,1800.0,0.446,93.0,149.0
0.695035457611084,1800.0,0.446,94.0,141.0
0.6992481350898743,1800.0,0.446,95.0,133.0
0.694915235042572,1800.0,0.446,96.0,118.0
0.7037037014961243,1800.0,0.446,97.0,108.0
0.7272727489471436,1800.0,0.446,98.0,88.0
0.7894737124443054,1800.0,0.446,99.0,57.0
0.7326202988624573,1850.0,0.4671,90.0,187.0
0.7485714554786682,1850.0,0.4671,91.0,175.0
0.7426900863647461,1850.0,0.4671,92.0,171.0
0.7469879388809204,1850.0,0.4671,93.0,166.0
0.758169949054718,1850.0,0.4671,94.0,153.0
0.7730496525764465,1850.0,0.4671,95.0,141.0
0.7744361162185669,1850.0,0.4671,96.0,133.0
0.7916666865348816,1850.0,0.4671,97.0,120.0
0.8181818127632141,1850.0,0.4671,98.0,99.0
0.8533333539962769,1850.0,0.4671,99.0,75.0
0.7663043737411499,1900.0,0.4671,90.0,184.0
0.7808988690376282,1900.0,0.4671,91.0,178.0
0.7844311594963074,1900.0,0.4671,92.0,167.0
0.7961783409118652,1900.0,0.4671,93.0,157.0
0.8095238208770752,1900.0,0.4671,94.0,147.0
0.8028169274330139,1900.0,0.4671,95.0,142.0
0.8217054009437561,1900.0,0.4671,96.0,129.0
0.831932783126831,1900.0,0.4671,97.0,119.0
0.8199999928474426,1900.0,0.4671,98.0,100.0
0.8536585569381714,1900.0,0.4671,99.0,82.0
0.6954314708709717,1950.0,0.4671,90.0,197.0
0.7049180269241333,1950.0,0.4671,91.0,183.0
0.7167630195617676,1950.0,0.4671,92.0,173.0
0.7212121486663818,1950.0,0.4671,93.0,165.0
0.731249988079071,1950.0,0.4671,94.0,160.0
0.7516778707504272,1950.0,0.4671,95.0,149.0
0.760869562625885,1950.0,0.4671,96.0,138.0
0.7542372941970825,1950.0,0.4671,97.0,118.0
0.7894737124443054,1950.0,0.4671,98.0,95.0
0.8333333134651184,1950.0,0.4671,99.0,72.0
0.7111111283302307,2000.0,0.4671,90.0,180.0
0.7142857313156128,2000.0,0.4671,91.0,175.0
0.7245509028434753,2000.0,0.4671,92.0,167.0
0.7385621070861816,2000.0,0.4671,93.0,153.0
0.7448275685310364,2000.0,0.4671,94.0,145.0
0.7573529481887817,2000.0,0.4671,95.0,136.0
0.7734375,2000.0,0.4671,96.0,128.0
0.7844827771186829,2000.0,0.4671,97.0,116.0
0.8163265585899353,2000.0,0.4671,98.0,98.0
0.8630136847496033,2000.0,0.4671,99.0,73.0
0.6844919919967651,2050.0,0.4869,90.0,187.0
0.6830601096153259,2050.0,0.4869,91.0,183.0
0.6971428394317627,2050.0,0.4869,92.0,175.0
0.699999988079071,2050.0,0.4869,93.0,170.0
0.7006369233131409,2050.0,0.4869,94.0,157.0
0.7210884094238281,2050.0,0.4869,95.0,147.0
0.7299270033836365,2050.0,0.4869,96.0,137.0
0.75,2050.0,0.4869,97.0,120.0
0.7692307829856873,2050.0,0.4869,98.0,104.0
0.8205128312110901,2050.0,0.4869,99.0,78.0
0.688524603843689,2100.0,0.4869,90.0,183.0
0.6850828528404236,2100.0,0.4869,91.0,181.0
0.6797752976417542,2100.0,0.4869,92.0,178.0
0.6964285969734192,2100.0,0.4869,93.0,168.0
0.7058823704719543,2100.0,0.4869,94.0,153.0
0.7246376872062683,2100.0,0.4869,95.0,138.0
0.7441860437393188,2100.0,0.4869,96.0,129.0
0.7394958138465881,2100.0,0.4869,97.0,119.0
0.7572815418243408,2100.0,0.4869,98.0,103.0
0.8125,2100.0,0.4869,99.0,80.0
0.7537688612937927,2150.0,0.4869,90.0,199.0
0.7473683953285217,2150.0,0.4869,91.0,190.0
0.7554348111152649,2150.0,0.4869,92.0,184.0
0.7709497213363647,2150.0,0.4869,93.0,179.0
0.7914110422134399,2150.0,0.4869,94.0,163.0
0.7922077775001526,2150.0,0.4869,95.0,154.0
0.8071428537368774,2150.0,0.4869,96.0,140.0
0.8167939186096191,2150.0,0.4869,97.0,131.0
0.8362069129943848,2150.0,0.4869,98.0,116.0
0.8526315689086914,2150.0,0.4869,99.0,95.0
0.7293577790260315,2200.0,0.4869,90.0,218.0
0.7298578023910522,2200.0,0.4869,91.0,211.0
0.743842363357544,2200.0,0.4869,92.0,203.0
0.7628865838050842,2200.0,0.4869,93.0,194.0
0.7955800890922546,2200.0,0.4869,94.0,181.0
0.7885714173316956,2200.0,0.4869,95.0,175.0
0.7987805008888245,2200.0,0.4869,96.0,164.0
0.800000011920929,2200.0,0.4869,97.0,150.0
0.8244274854660034,2200.0,0.4869,98.0,131.0
0.843137264251709,2200.0,0.4869,99.0,102.0
0.727748692035675,2250.0,0.5069,90.0,191.0
0.75,2250.0,0.5069,91.0,184.0
0.7444444298744202,2250.0,0.5069,92.0,180.0
0.7559523582458496,2250.0,0.5069,93.0,168.0
0.7592592835426331,2250.0,0.5069,94.0,162.0
0.7631579041481018,2250.0,0.5069,95.0,152.0
0.7785714268684387,2250.0,0.5069,96.0,140.0
0.7692307829856873,2250.0,0.5069,97.0,130.0
0.7899159789085388,2250.0,0.5069,98.0,119.0
0.8172042965888977,2250.0,0.5069,99.0,93.0
0.7653061151504517,2300.0,0.5069,90.0,196.0
0.7668393850326538,2300.0,0.5069,91.0,193.0
0.7754010558128357,2300.0,0.5069,92.0,187.0
0.7796609997749329,2300.0,0.5069,93.0,177.0
0.7797619104385376,2300.0,0.5069,94.0,168.0
0.7948718070983887,2300.0,0.5069,95.0,156.0
0.8027210831642151,2300.0,0.5069,96.0,147.0
0.8085106611251831,2300.0,0.5069,97.0,141.0
0.8203125,2300.0,0.5069,98.0,128.0
0.8155339956283569,2300.0,0.5069,99.0,103.0
0.6871795058250427,2350.0,0.5069,90.0,195.0
0.6898396015167236,2350.0,0.5069,91.0,187.0
0.6983240246772766,2350.0,0.5069,92.0,179.0
0.7126436829566956,2350.0,0.5069,93.0,174.0
0.7515923380851746,2350.0,0.5069,94.0,157.0
0.7565789222717285,2350.0,0.5069,95.0,152.0
0.758865237236023,2350.0,0.5069,96.0,141.0
0.7857142686843872,2350.0,0.5069,97.0,126.0
0.8118811845779419,2350.0,0.5069,98.0,101.0
0.8536585569381714,2350.0,0.5069,99.0,82.0
0.7628865838050842,2400.0,0.5069,90.0,194.0
0.7606382966041565,2400.0,0.5069,91.0,188.0
0.7567567825317383,2400.0,0.5069,92.0,185.0
0.7666666507720947,2400.0,0.5069,93.0,180.0
0.7674418687820435,2400.0,0.5069,94.0,172.0
0.7950310707092285,2400.0,0.5069,95.0,161.0
0.8012820482254028,2400.0,0.5069,96.0,156.0
0.8156028389930725,2400.0,0.5069,97.0,141.0
0.8442623019218445,2400.0,0.5069,98.0,122.0
0.8543689250946045,2400.0,0.5069,99.0,103.0
0.7512690424919128,2450.0,0.5237,90.0,197.0
0.759358286857605,2450.0,0.5237,91.0,187.0
0.7513812184333801,2450.0,0.5237,92.0,181.0
0.7692307829856873,2450.0,0.5237,93.0,169.0
0.7898089289665222,2450.0,0.5237,94.0,157.0
0.807947039604187,2450.0,0.5237,95.0,151.0
0.8098591566085815,2450.0,0.5237,96.0,142.0
0.8203125,2450.0,0.5237,97.0,128.0
0.8272727131843567,2450.0,0.5237,98.0,110.0
0.8352941274642944,2450.0,0.5237,99.0,85.0
0.6912442445755005,2500.0,0.5237,90.0,217.0
0.6919431090354919,2500.0,0.5237,91.0,211.0
0.7070707082748413,2500.0,0.5237,92.0,198.0
0.7112299203872681,2500.0,0.5237,93.0,187.0
0.7055555582046509,2500.0,0.5237,94.0,180.0
0.7093023061752319,2500.0,0.5237,95.0,172.0
0.7051281929016113,2500.0,0.5237,96.0,156.0
0.7464788556098938,2500.0,0.5237,97.0,142.0
0.7627118825912476,2500.0,0.5237,98.0,118.0
0.7865168452262878,2500.0,0.5237,99.0,89.0
0.7435897588729858,2550.0,0.5237,90.0,195.0
0.7540106773376465,2550.0,0.5237,91.0,187.0
0.760869562625885,2550.0,0.5237,92.0,184.0
0.7637362480163574,2550.0,0.5237,93.0,182.0
0.7828571200370789,2550.0,0.5237,94.0,175.0
0.796407163143158,2550.0,0.5237,95.0,167.0
0.8024691343307495,2550.0,0.5237,96.0,162.0
0.8310810923576355,2550.0,0.5237,97.0,148.0
0.8333333134651184,2550.0,0.5237,98.0,132.0
0.8807339668273926,2550.0,0.5237,99.0,109.0
0.6587677597999573,2600.0,0.5237,90.0,211.0
0.655339777469635,2600.0,0.5237,91.0,206.0
0.6515151262283325,2600.0,0.5237,92.0,198.0
0.6703296899795532,2600.0,0.5237,93.0,182.0
0.6744186282157898,2600.0,0.5237,94.0,172.0
0.6851851940155029,2600.0,0.5237,95.0,162.0
0.6821191906929016,2600.0,0.5237,96.0,151.0
0.6861313581466675,2600.0,0.5237,97.0,137.0
0.7142857313156128,2600.0,0.5237,98.0,112.0
0.75,2600.0,0.5237,99.0,92.0
0.7424242496490479,2650.0,0.537,90.0,198.0
0.7407407164573669,2650.0,0.537,91.0,189.0
0.7540983557701111,2650.0,0.537,92.0,183.0
0.7613636255264282,2650.0,0.537,93.0,176.0
0.7664670944213867,2650.0,0.537,94.0,167.0
0.78125,2650.0,0.537,95.0,160.0
0.8175675868988037,2650.0,0.537,96.0,148.0
0.8273381590843201,2650.0,0.537,97.0,139.0
0.8416666388511658,2650.0,0.537,98.0,120.0
0.8723404407501221,2650.0,0.537,99.0,94.0
0.681614339351654,2700.0,0.537,90.0,223.0
0.6866359710693359,2700.0,0.537,91.0,217.0
0.6889952421188354,2700.0,0.537,92.0,209.0
0.6930692791938782,2700.0,0.537,93.0,202.0
0.7076923251152039,2700.0,0.537,94.0,195.0
0.7157894968986511,2700.0,0.537,95.0,190.0
0.7134503126144409,2700.0,0.537,96.0,171.0
0.7283950448036194,2700.0,0.537,97.0,162.0
0.7372262477874756,2700.0,0.537,98.0,137.0
0.7909091114997864,2700.0,0.537,99.0,110.0
0.7400000095367432,2750.0,0.537,90.0,200.0
0.7397959232330322,2750.0,0.537,91.0,196.0
0.7606382966041565,2750.0,0.537,92.0,188.0
0.7802197933197021,2750.0,0.537,93.0,182.0
0.7877094745635986,2750.0,0.537,94.0,179.0
0.7882353067398071,2750.0,0.537,95.0,170.0
0.7973856329917908,2750.0,0.537,96.0,153.0
0.8129496574401855,2750.0,0.537,97.0,139.0
0.8584070801734924,2750.0,0.537,98.0,113.0
0.895348846912384,2750.0,0.537,99.0,86.0
0.7196652889251709,2800.0,0.537,90.0,239.0
0.725321888923645,2800.0,0.537,91.0,233.0
0.7288888692855835,2800.0,0.537,92.0,225.0
0.7293577790260315,2800.0,0.537,93.0,218.0
0.75,2800.0,0.537,94.0,208.0
0.764102578163147,2800.0,0.537,95.0,195.0
0.7675675749778748,2800.0,0.537,96.0,185.0
0.7790697813034058,2800.0,0.537,97.0,172.0
0.8039215803146362,2800.0,0.537,98.0,153.0
0.8130081295967102,2800.0,0.537,99.0,123.0
0.7224880456924438,2850.0,0.5498,90.0,209.0
0.720588207244873,2850.0,0.5498,91.0,204.0
0.7236180901527405,2850.0,0.5498,92.0,199.0
0.71875,2850.0,0.5498,93.0,192.0
0.7243243455886841,2850.0,0.5498,94.0,185.0
0.7558139562606812,2850.0,0.5498,95.0,172.0
0.7560975551605225,2850.0,0.5498,96.0,164.0
0.7666666507720947,2850.0,0.5498,97.0,150.0
0.7954545617103577,2850.0,0.5498,98.0,132.0
0.8461538553237915,2850.0,0.5498,99.0,104.0
0.6958333253860474,2900.0,0.5498,90.0,240.0
0.6982758641242981,2900.0,0.5498,91.0,232.0
0.7058823704719543,2900.0,0.5498,92.0,221.0
0.7081339955329895,2900.0,0.5498,93.0,209.0
0.7171717286109924,2900.0,0.5498,94.0,198.0
0.7297297120094299,2900.0,0.5498,95.0,185.0
0.7528735399246216,2900.0,0.5498,96.0,174.0
0.7647058963775635,2900.0,0.5498,97.0,153.0
0.7890625,2900.0,0.5498,98.0,128.0
0.8100000023841858,2900.0,0.5498,99.0,100.0
0.7533632516860962,2950.0,0.5498,90.0,223.0
0.7614678740501404,2950.0,0.5498,91.0,218.0
0.7681159377098083,2950.0,0.5498,92.0,207.0
0.795918345451355,2950.0,0.5498,93.0,196.0
0.7978723645210266,2950.0,0.5498,94.0,188.0
0.8057143092155457,2950.0,0.5498,95.0,175.0
0.8035714030265808,2950.0,0.5498,96.0,168.0
0.8145695328712463,2950.0,0.5498,97.0,151.0
0.8372092843055725,2950.0,0.5498,98.0,129.0
0.8363636136054993,2950.0,0.5498,99.0,110.0
0.7443946003913879,3000.0,0.5498,90.0,223.0
0.747706413269043,3000.0,0.5498,91.0,218.0
0.75,3000.0,0.5498,92.0,208.0
0.7562189102172852,3000.0,0.5498,93.0,201.0
0.7604166865348816,3000.0,0.5498,94.0,192.0
0.7653631567955017,3000.0,0.5498,95.0,179.0
0.7664670944213867,3000.0,0.5498,96.0,167.0
0.7799999713897705,3000.0,0.5498,97.0,150.0
0.811475396156311,3000.0,0.5498,98.0,122.0
0.8541666865348816,3000.0,0.5498,99.0,96.0
0.7556561231613159,3050.0,0.5619,90.0,221.0
0.7534883618354797,3050.0,0.5619,91.0,215.0
0.762135922908783,3050.0,0.5619,92.0,206.0
0.7638190984725952,3050.0,0.5619,93.0,199.0
0.7760416865348816,3050.0,0.5619,94.0,192.0
0.7790055274963379,3050.0,0.5619,95.0,181.0
0.7976878881454468,3050.0,0.5619,96.0,173.0
0.8101266026496887,3050.0,0.5619,97.0,158.0
0.8296296000480652,3050.0,0.5619,98.0,135.0
0.859649121761322,3050.0,0.5619,99.0,114.0
0.7207207083702087,3100.0,0.5619,90.0,222.0
0.7305936217308044,3100.0,0.5619,91.0,219.0
0.7393364906311035,3100.0,0.5619,92.0,211.0
0.7401960492134094,3100.0,0.5619,93.0,204.0
0.7447916865348816,3100.0,0.5619,94.0,192.0
0.74301677942276,3100.0,0.5619,95.0,179.0
0.7575757503509521,3100.0,0.5619,96.0,165.0
0.7662337422370911,3100.0,0.5619,97.0,154.0
0.7883211970329285,3100.0,0.5619,98.0,137.0
0.792792797088623,3100.0,0.5619,99.0,111.0
0.7970296740531921,3150.0,0.5619,90.0,202.0
0.8072916865348816,3150.0,0.5619,91.0,192.0
0.820652186870575,3150.0,0.5619,92.0,184.0
0.8258426785469055,3150.0,0.5619,93.0,178.0
0.834319531917572,3150.0,0.5619,94.0,169.0
0.8363636136054993,3150.0,0.5619,95.0,165.0
0.8486841917037964,3150.0,0.5619,96.0,152.0
0.8601398468017578,3150.0,0.5619,97.0,143.0
0.8780487775802612,3150.0,0.5619,98.0,123.0
0.9238095283508301,3150.0,0.5619,99.0,105.0
0.7559808492660522,3200.0,0.5619,90.0,209.0
0.7598039507865906,3200.0,0.5619,91.0,204.0
0.7575757503509521,3200.0,0.5619,92.0,198.0
0.7631579041481018,3200.0,0.5619,93.0,190.0
0.7688171863555908,3200.0,0.5619,94.0,186.0
0.7803468108177185,3200.0,0.5619,95.0,173.0
0.7834395170211792,3200.0,0.5619,96.0,157.0
0.8098591566085815,3200.0,0.5619,97.0,142.0
0.8359375,3200.0,0.5619,98.0,128.0
0.8543689250946045,3200.0,0.5619,99.0,103.0
0.728205144405365,3250.0,0.571,90.0,195.0
0.7340425252914429,3250.0,0.571,91.0,188.0
0.7365591526031494,3250.0,0.571,92.0,186.0
0.75,3250.0,0.571,93.0,180.0
0.7602339386940002,3250.0,0.571,94.0,171.0
0.7682926654815674,3250.0,0.571,95.0,164.0
0.791946291923523,3250.0,0.571,96.0,149.0
0.800000011920929,3250.0,0.571,97.0,135.0
0.8235294222831726,3250.0,0.571,98.0,119.0
0.84375,3250.0,0.571,99.0,96.0
0.7901785969734192,3300.0,0.571,90.0,224.0
0.78899085521698,3300.0,0.571,91.0,218.0
0.7961165308952332,3300.0,0.571,92.0,206.0
0.808080792427063,3300.0,0.571,93.0,198.0
0.8105263113975525,3300.0,0.571,94.0,190.0
0.832402229309082,3300.0,0.571,95.0,179.0
0.8392857313156128,3300.0,0.571,96.0,168.0
0.8289473652839661,3300.0,0.571,97.0,152.0
0.8428571224212646,3300.0,0.571,98.0,140.0
0.8852459192276001,3300.0,0.571,99.0,122.0
0.7966805100440979,3350.0,0.571,90.0,241.0
0.8034188151359558,3350.0,0.571,91.0,234.0
0.8095238208770752,3350.0,0.571,92.0,231.0
0.8185840845108032,3350.0,0.571,93.0,226.0
0.836448609828949,3350.0,0.571,94.0,214.0
0.8536585569381714,3350.0,0.571,95.0,205.0
0.8724489808082581,3350.0,0.571,96.0,196.0
0.8764045238494873,3350.0,0.571,97.0,178.0
0.9096774458885193,3350.0,0.571,98.0,155.0
0.9236640930175781,3350.0,0.571,99.0,131.0
0.732758641242981,3400.0,0.571,90.0,232.0
0.7533632516860962,3400.0,0.571,91.0,223.0
0.772946834564209,3400.0,0.571,92.0,207.0
0.7868020534515381,3400.0,0.571,93.0,197.0
0.7853403091430664,3400.0,0.571,94.0,191.0
0.8055555820465088,3400.0,0.571,95.0,180.0
0.8187134265899658,3400.0,0.571,96.0,171.0
0.8280254602432251,3400.0,0.571,97.0,157.0
0.8478260636329651,3400.0,0.571,98.0,138.0
0.8717948794364929,3400.0,0.571,99.0,117.0
0.7982062697410583,3450.0,0.5853,90.0,223.0
0.7953488230705261,3450.0,0.5853,91.0,215.0
0.7980769276618958,3450.0,0.5853,92.0,208.0
0.7989949584007263,3450.0,0.5853,93.0,199.0
0.8041236996650696,3450.0,0.5853,94.0,194.0
0.8087431788444519,3450.0,0.5853,95.0,183.0
0.8461538553237915,3450.0,0.5853,96.0,169.0
0.85161292552948,3450.0,0.5853,97.0,155.0
0.8623188138008118,3450.0,0.5853,98.0,138.0
0.886956512928009,3450.0,0.5853,99.0,115.0
0.7955555319786072,3500.0,0.5853,90.0,225.0
0.7937219738960266,3500.0,0.5853,91.0,223.0
0.7880184054374695,3500.0,0.5853,92.0,217.0
0.800000011920929,3500.0,0.5853,93.0,205.0
0.8247422575950623,3500.0,0.5853,94.0,194.0
0.8235294222831726,3500.0,0.5853,95.0,187.0
0.8379888534545898,3500.0,0.5853,96.0,179.0
0.84375,3500.0,0.5853,97.0,160.0
0.8531468510627747,3500.0,0.5853,98.0,143.0
0.9051724076271057,3500.0,0.5853,99.0,116.0
0.8260869383811951,3550.0,0.5853,90.0,253.0
0.827309250831604,3550.0,0.5853,91.0,249.0
0.8436213731765747,3550.0,0.5853,92.0,243.0
0.8497853875160217,3550.0,0.5853,93.0,233.0
0.8539823293685913,3550.0,0.5853,94.0,226.0
0.8584905862808228,3550.0,0.5853,95.0,212.0
0.8627451062202454,3550.0,0.5853,96.0,204.0
0.8888888955116272,3550.0,0.5853,97.0,189.0
0.8941176533699036,3550.0,0.5853,98.0,170.0
0.9347826242446899,3550.0,0.5853,99.0,138.0
0.7490040063858032,3600.0,0.5853,90.0,251.0
0.75,3600.0,0.5853,91.0,248.0
0.7510548233985901,3600.0,0.5853,92.0,237.0
0.7586206793785095,3600.0,0.5853,93.0,232.0
0.7688888907432556,3600.0,0.5853,94.0,225.0
0.7860465049743652,3600.0,0.5853,95.0,215.0
0.7815533876419067,3600.0,0.5853,96.0,206.0
0.7894737124443054,3600.0,0.5853,97.0,190.0
0.8047337532043457,3600.0,0.5853,98.0,169.0
0.8712121248245239,3600.0,0.5853,99.0,132.0
0.75,3650.0,0.597,90.0,248.0
0.7689075469970703,3650.0,0.597,91.0,238.0
0.7758620977401733,3650.0,0.597,92.0,232.0
0.7828054428100586,3650.0,0.597,93.0,221.0
0.7981220483779907,3650.0,0.597,94.0,213.0
0.8059701323509216,3650.0,0.597,95.0,201.0
0.8121827244758606,3650.0,0.597,96.0,197.0
0.8172042965888977,3650.0,0.597,97.0,186.0
0.8333333134651184,3650.0,0.597,98.0,168.0
0.8472222089767456,3650.0,0.597,99.0,144.0
0.7804877758026123,3700.0,0.597,90.0,246.0
0.7907949686050415,3700.0,0.597,91.0,239.0
0.804347813129425,3700.0,0.597,92.0,230.0
0.8169642686843872,3700.0,0.597,93.0,224.0
0.8301886916160583,3700.0,0.597,94.0,212.0
0.8317307829856873,3700.0,0.597,95.0,208.0
0.8367347121238708,3700.0,0.597,96.0,196.0
0.8469945192337036,3700.0,0.597,97.0,183.0
0.8734939694404602,3700.0,0.597,98.0,166.0
0.8992805480957031,3700.0,0.597,99.0,139.0
0.7751004099845886,3750.0,0.597,90.0,249.0
0.7764227390289307,3750.0,0.597,91.0,246.0
0.7842323780059814,3750.0,0.597,92.0,241.0
0.7931034564971924,3750.0,0.597,93.0,232.0
0.8071748614311218,3750.0,0.597,94.0,223.0
0.8018433451652527,3750.0,0.597,95.0,217.0
0.8241205811500549,3750.0,0.597,96.0,199.0
0.85326087474823,3750.0,0.597,97.0,184.0
0.8666666746139526,3750.0,0.597,98.0,165.0
0.8741722106933594,3750.0,0.597,99.0,151.0
0.788844645023346,3800.0,0.597,90.0,251.0
0.8024691343307495,3800.0,0.597,91.0,243.0
0.8158996105194092,3800.0,0.597,92.0,239.0
0.8177965879440308,3800.0,0.597,93.0,236.0
0.8177777528762817,3800.0,0.597,94.0,225.0
0.8202764987945557,3800.0,0.597,95.0,217.0
0.813725471496582,3800.0,0.597,96.0,204.0
0.8341968655586243,3800.0,0.597,97.0,193.0
0.8554913401603699,3800.0,0.597,98.0,173.0
0.8692810535430908,3800.0,0.597,99.0,153.0
0.7635658979415894,3850.0,0.603,90.0,258.0
0.7707509994506836,3850.0,0.603,91.0,253.0
0.7818930149078369,3850.0,0.603,92.0,243.0
0.7923728823661804,3850.0,0.603,93.0,236.0
0.8008849620819092,3850.0,0.603,94.0,226.0
0.8127853870391846,3850.0,0.603,95.0,219.0
0.8212560415267944,3850.0,0.603,96.0,207.0
0.8393782377243042,3850.0,0.603,97.0,193.0
0.8483145833015442,3850.0,0.603,98.0,178.0
0.8627451062202454,3850.0,0.603,99.0,153.0
0.760869562625885,3900.0,0.603,90.0,276.0
0.7640449404716492,3900.0,0.603,91.0,267.0
0.7769230604171753,3900.0,0.603,92.0,260.0
0.7903226017951965,3900.0,0.603,93.0,248.0
0.7909836173057556,3900.0,0.603,94.0,244.0
0.7983193397521973,3900.0,0.603,95.0,238.0
0.814479649066925,3900.0,0.603,96.0,221.0
0.8309178948402405,3900.0,0.603,97.0,207.0
0.8548387289047241,3900.0,0.603,98.0,186.0
0.8807947039604187,3900.0,0.603,99.0,151.0
0.786821722984314,3950.0,0.603,90.0,258.0
0.7882353067398071,3950.0,0.603,91.0,255.0
0.8024193644523621,3950.0,0.603,92.0,248.0
0.8091286420822144,3950.0,0.603,93.0,241.0
0.8146551847457886,3950.0,0.603,94.0,232.0
0.8230088353157043,3950.0,0.603,95.0,226.0
0.8285714387893677,3950.0,0.603,96.0,210.0
0.839195966720581,3950.0,0.603,97.0,199.0
0.8777777552604675,3950.0,0.603,98.0,180.0
0.8974359035491943,3950.0,0.603,99.0,156.0
0.7946767807006836,4000.0,0.603,90.0,263.0
0.80078125,4000.0,0.603,91.0,256.0
0.8063241243362427,4000.0,0.603,92.0,253.0
0.8130081295967102,4000.0,0.603,93.0,246.0
0.8220338821411133,4000.0,0.603,94.0,236.0
0.8399999737739563,4000.0,0.603,95.0,225.0
0.8440366983413696,4000.0,0.603,96.0,218.0
0.8620689511299133,4000.0,0.603,97.0,203.0
0.866310179233551,4000.0,0.603,98.0,187.0
0.8855421543121338,4000.0,0.603,99.0,166.0
0.7289377450942993,4050.0,0.6124,90.0,273.0
0.7350746393203735,4050.0,0.6124,91.0,268.0
0.7461538314819336,4050.0,0.6124,92.0,260.0
0.748031497001648,4050.0,0.6124,93.0,254.0
0.7520325183868408,4050.0,0.6124,94.0,246.0
0.7553648352622986,4050.0,0.6124,95.0,233.0
0.774193525314331,4050.0,0.6124,96.0,217.0
0.7777777910232544,4050.0,0.6124,97.0,207.0
0.7956989407539368,4050.0,0.6124,98.0,186.0
0.8353658318519592,4050.0,0.6124,99.0,164.0
0.7423076629638672,4100.0,0.6124,90.0,260.0
0.74609375,4100.0,0.6124,91.0,256.0
0.7520325183868408,4100.0,0.6124,92.0,246.0
0.7594936490058899,4100.0,0.6124,93.0,237.0
0.761904776096344,4100.0,0.6124,94.0,231.0
0.7723214030265808,4100.0,0.6124,95.0,224.0
0.7934272289276123,4100.0,0.6124,96.0,213.0
0.80402010679245,4100.0,0.6124,97.0,199.0
0.8288770318031311,4100.0,0.6124,98.0,187.0
0.8598726391792297,4100.0,0.6124,99.0,157.0
0.8107143044471741,4150.0,0.6124,90.0,280.0
0.8145454525947571,4150.0,0.6124,91.0,275.0
0.8252788186073303,4150.0,0.6124,92.0,269.0
0.8314176201820374,4150.0,0.6124,93.0,261.0
0.843999981880188,4150.0,0.6124,94.0,250.0
0.844897985458374,4150.0,0.6124,95.0,245.0
0.8547008633613586,4150.0,0.6124,96.0,234.0
0.8571428656578064,4150.0,0.6124,97.0,224.0
0.8815165758132935,4150.0,0.6124,98.0,211.0
0.9130434989929199,4150.0,0.6124,99.0,184.0
0.7569444179534912,4200.0,0.6124,90.0,288.0
0.7632508873939514,4200.0,0.6124,91.0,283.0
0.778181791305542,4200.0,0.6124,92.0,275.0
0.7888888716697693,4200.0,0.6124,93.0,270.0
0.7857142686843872,4200.0,0.6124,94.0,266.0
0.7953668236732483,4200.0,0.6124,95.0,259.0
0.8189300298690796,4200.0,0.6124,96.0,243.0
0.8205128312110901,4200.0,0.6124,97.0,234.0
0.8436018824577332,4200.0,0.6124,98.0,211.0
0.8633880019187927,4200.0,0.6124,99.0,183.0
0.7660377621650696,4250.0,0.6209,90.0,265.0
0.7718631029129028,4250.0,0.6209,91.0,263.0
0.7704280018806458,4250.0,0.6209,92.0,257.0
0.7760000228881836,4250.0,0.6209,93.0,250.0
0.7916666865348816,4250.0,0.6209,94.0,240.0
0.7965368032455444,4250.0,0.6209,95.0,231.0
0.7982062697410583,4250.0,0.6209,96.0,223.0
0.7990430593490601,4250.0,0.6209,97.0,209.0
0.8020833134651184,4250.0,0.6209,98.0,192.0
0.8139534592628479,4250.0,0.6209,99.0,172.0
0.7338129281997681,4300.0,0.6209,90.0,278.0
0.7389705777168274,4300.0,0.6209,91.0,272.0
0.7388059496879578,4300.0,0.6209,92.0,268.0
0.7490494251251221,4300.0,0.6209,93.0,263.0
0.7637795209884644,4300.0,0.6209,94.0,254.0
0.7714285850524902,4300.0,0.6209,95.0,245.0
0.7896995544433594,4300.0,0.6209,96.0,233.0
0.8064516186714172,4300.0,0.6209,97.0,217.0
0.8274111747741699,4300.0,0.6209,98.0,197.0
0.8690476417541504,4300.0,0.6209,99.0,168.0
0.7725631594657898,4350.0,0.6209,90.0,277.0
0.7709090709686279,4350.0,0.6209,91.0,275.0
0.7781955003738403,4350.0,0.6209,92.0,266.0
0.7777777910232544,4350.0,0.6209,93.0,261.0
0.7843137383460999,4350.0,0.6209,94.0,255.0
0.795918345451355,4350.0,0.6209,95.0,245.0
0.7983193397521973,4350.0,0.6209,96.0,238.0
0.8401826620101929,4350.0,0.6209,97.0,219.0
0.8507462739944458,4350.0,0.6209,98.0,201.0
0.8823529481887817,4350.0,0.6209,99.0,170.0
0.7984496355056763,4400.0,0.6209,90.0,258.0
0.7984189987182617,4400.0,0.6209,91.0,253.0
0.7991803288459778,4400.0,0.6209,92.0,244.0
0.8016877770423889,4400.0,0.6209,93.0,237.0
0.7991452813148499,4400.0,0.6209,94.0,234.0
0.815315306186676,4400.0,0.6209,95.0,222.0
0.8309859037399292,4400.0,0.6209,96.0,213.0
0.8383838534355164,4400.0,0.6209,97.0,198.0
0.8648648858070374,4400.0,0.6209,98.0,185.0
0.8802395462989807,4400.0,0.6209,99.0,167.0
0.7625418305397034,4450.0,0.625,90.0,299.0
0.7716262936592102,4450.0,0.625,91.0,289.0
0.7781690359115601,4450.0,0.625,92.0,284.0
0.7789855003356934,4450.0,0.625,93.0,276.0
0.7857142686843872,4450.0,0.625,94.0,266.0
0.80078125,4450.0,0.625,95.0,256.0
0.8140496015548706,4450.0,0.625,96.0,242.0
0.8304347991943359,4450.0,0.625,97.0,230.0
0.8461538553237915,4450.0,0.625,98.0,208.0
0.8813559412956238,4450.0,0.625,99.0,177.0
0.8138686418533325,4500.0,0.625,90.0,274.0
0.8141263723373413,4500.0,0.625,91.0,269.0
0.8136882185935974,4500.0,0.625,92.0,263.0
0.8100775480270386,4500.0,0.625,93.0,258.0
0.817460298538208,4500.0,0.625,94.0,252.0
0.8223140239715576,4500.0,0.625,95.0,242.0
0.8304347991943359,4500.0,0.625,96.0,230.0
0.8443396091461182,4500.0,0.625,97.0,212.0
0.8534031510353088,4500.0,0.625,98.0,191.0
0.8944099545478821,4500.0,0.625,99.0,161.0
0.7801418304443359,4550.0,0.625,90.0,282.0
0.7963636517524719,4550.0,0.625,91.0,275.0
0.8029739856719971,4550.0,0.625,92.0,269.0
0.8075471520423889,4550.0,0.625,93.0,265.0
0.8091602921485901,4550.0,0.625,94.0,262.0
0.8188976645469666,4550.0,0.625,95.0,254.0
0.824999988079071,4550.0,0.625,96.0,240.0
0.8416289687156677,4550.0,0.625,97.0,221.0
0.8550724387168884,4550.0,0.625,98.0,207.0
0.9044944047927856,4550.0,0.625,99.0,178.0
0.7737226486206055,4600.0,0.625,90.0,274.0
0.7835820913314819,4600.0,0.625,91.0,268.0
0.7886792421340942,4600.0,0.625,92.0,265.0
0.80078125,4600.0,0.625,93.0,256.0
0.8223140239715576,4600.0,0.625,94.0,242.0
0.832617998123169,4600.0,0.625,95.0,233.0
0.8444444537162781,4600.0,0.625,96.0,225.0
0.8472222089767456,4600.0,0.625,97.0,216.0
0.866995096206665,4600.0,0.625,98.0,203.0
0.8977272510528564,4600.0,0.625,99.0,176.0
0.7695035338401794,4650.0,0.6341,90.0,282.0
0.7818182110786438,4650.0,0.6341,91.0,275.0
0.7896679043769836,4650.0,0.6341,92.0,271.0
0.7849056720733643,4650.0,0.6341,93.0,265.0
0.7952755689620972,4650.0,0.6341,94.0,254.0
0.7967479825019836,4650.0,0.6341,95.0,246.0
0.8041666746139526,4650.0,0.6341,96.0,240.0
0.8149779438972473,4650.0,0.6341,97.0,227.0
0.8454106450080872,4650.0,0.6341,98.0,207.0
0.8804348111152649,4650.0,0.6341,99.0,184.0
0.7773722410202026,4700.0,0.6341,90.0,274.0
0.7744361162185669,4700.0,0.6341,91.0,266.0
0.7807692289352417,4700.0,0.6341,92.0,260.0
0.7882353067398071,4700.0,0.6341,93.0,255.0
0.795918345451355,4700.0,0.6341,94.0,245.0
0.800000011920929,4700.0,0.6341,95.0,230.0
0.8009049892425537,4700.0,0.6341,96.0,221.0
0.8309178948402405,4700.0,0.6341,97.0,207.0
0.8518518805503845,4700.0,0.6341,98.0,189.0
0.8522727489471436,4700.0,0.6341,99.0,176.0
0.8007246255874634,4750.0,0.6341,90.0,276.0
0.8052434325218201,4750.0,0.6341,91.0,267.0
0.805343508720398,4750.0,0.6341,92.0,262.0
0.8149606585502625,4750.0,0.6341,93.0,254.0
0.8192771077156067,4750.0,0.6341,94.0,249.0
0.8291666507720947,4750.0,0.6341,95.0,240.0
0.8539823293685913,4750.0,0.6341,96.0,226.0
0.8591549396514893,4750.0,0.6341,97.0,213.0
0.8756476640701294,4750.0,0.6341,98.0,193.0
0.8837209343910217,4750.0,0.6341,99.0,172.0
0.7979797720909119,4800.0,0.6341,90.0,297.0
0.8103448152542114,4800.0,0.6341,91.0,290.0
0.8127208352088928,4800.0,0.6341,92.0,283.0
0.8109090924263,4800.0,0.6341,93.0,275.0
0.812734067440033,4800.0,0.6341,94.0,267.0
0.823293149471283,4800.0,0.6341,95.0,249.0
0.8438818454742432,4800.0,0.6341,96.0,237.0
0.8444444537162781,4800.0,0.6341,97.0,225.0
0.8544601202011108,4800.0,0.6341,98.0,213.0
0.8854166865348816,4800.0,0.6341,99.0,192.0
0.8015267252922058,4850.0,0.6392,90.0,262.0
0.8102766871452332,4850.0,0.6392,91.0,253.0
0.8145161271095276,4850.0,0.6392,92.0,248.0
0.8158996105194092,4850.0,0.6392,93.0,239.0
0.8274336457252502,4850.0,0.6392,94.0,226.0
0.8348624110221863,4850.0,0.6392,95.0,218.0
0.8373205661773682,4850.0,0.6392,96.0,209.0
0.8418367505073547,4850.0,0.6392,97.0,196.0
0.8500000238418579,4850.0,0.6392,98.0,180.0
0.8597561120986938,4850.0,0.6392,99.0,164.0
0.7798507213592529,4900.0,0.6392,90.0,268.0
0.7824427485466003,4900.0,0.6392,91.0,262.0
0.7821011543273926,4900.0,0.6392,92.0,257.0
0.7862903475761414,4900.0,0.6392,93.0,248.0
0.8034188151359558,4900.0,0.6392,94.0,234.0
0.8116592168807983,4900.0,0.6392,95.0,223.0
0.8169013857841492,4900.0,0.6392,96.0,213.0
0.8442211151123047,4900.0,0.6392,97.0,199.0
0.8571428656578064,4900.0,0.6392,98.0,175.0
0.9097222089767456,4900.0,0.6392,99.0,144.0
0.7743055820465088,4950.0,0.6392,90.0,288.0
0.7892857193946838,4950.0,0.6392,91.0,280.0
0.8029196858406067,4950.0,0.6392,92.0,274.0
0.8098859190940857,4950.0,0.6392,93.0,263.0
0.8139534592628479,4950.0,0.6392,94.0,258.0
0.828000009059906,4950.0,0.6392,95.0,250.0
0.8347107172012329,4950.0,0.6392,96.0,242.0
0.8382978439331055,4950.0,0.6392,97.0,235.0
0.8454545736312866,4950.0,0.6392,98.0,220.0
0.8730158805847168,4950.0,0.6392,99.0,189.0
0.7695167064666748,5000.0,0.6392,90.0,269.0
0.7756654024124146,5000.0,0.6392,91.0,263.0
0.7769230604171753,5000.0,0.6392,92.0,260.0
0.7865612506866455,5000.0,0.6392,93.0,253.0
0.7991803288459778,5000.0,0.6392,94.0,244.0
0.8025209903717041,5000.0,0.6392,95.0,238.0
0.813043475151062,5000.0,0.6392,96.0,230.0
0.8287037014961243,5000.0,0.6392,97.0,216.0
0.8434343338012695,5000.0,0.6392,98.0,198.0
0.8791208863258362,5000.0,0.6392,99.0,182.0
0.8411552309989929,5050.0,0.6471,90.0,277.0
0.8529411554336548,5050.0,0.6471,91.0,272.0
0.8576778769493103,5050.0,0.6471,92.0,267.0
0.8784313797950745,5050.0,0.6471,93.0,255.0
0.8785424828529358,5050.0,0.6471,94.0,247.0
0.8781512379646301,5050.0,0.6471,95.0,238.0
0.8805309534072876,5050.0,0.6471,96.0,226.0
0.8899082541465759,5050.0,0.6471,97.0,218.0
0.8999999761581421,5050.0,0.6471,98.0,200.0
0.9139785170555115,5050.0,0.6471,99.0,186.0
0.8078292012214661,5100.0,0.6471,90.0,281.0
0.8218181729316711,5100.0,0.6471,91.0,275.0
0.8246268630027771,5100.0,0.6471,92.0,268.0
0.8423076868057251,5100.0,0.6471,93.0,260.0
0.8458498120307922,5100.0,0.6471,94.0,253.0
0.8518518805503845,5100.0,0.6471,95.0,243.0
0.8706896305084229,5100.0,0.6471,96.0,232.0
0.878923773765564,5100.0,0.6471,97.0,223.0
0.8851674795150757,5100.0,0.6471,98.0,209.0
0.8977272510528564,5100.0,0.6471,99.0,176.0
0.8178571462631226,5150.0,0.6471,90.0,280.0
0.8289963006973267,5150.0,0.6471,91.0,269.0
0.8371211886405945,5150.0,0.6471,92.0,264.0
0.8449612259864807,5150.0,0.6471,93.0,258.0
0.8605577945709229,5150.0,0.6471,94.0,251.0
0.8612244725227356,5150.0,0.6471,95.0,245.0
0.8717948794364929,5150.0,0.6471,96.0,234.0
0.8873873949050903,5150.0,0.6471,97.0,222.0
0.9029126167297363,5150.0,0.6471,98.0,206.0
0.907608687877655,5150.0,0.6471,99.0,184.0
0.7765567898750305,5200.0,0.6471,90.0,273.0
0.7749077677726746,5200.0,0.6471,91.0,271.0
0.7849056720733643,5200.0,0.6471,92.0,265.0
0.7876448035240173,5200.0,0.6471,93.0,259.0
0.796875,5200.0,0.6471,94.0,256.0
0.804780900478363,5200.0,0.6471,95.0,251.0
0.8075313568115234,5200.0,0.6471,96.0,239.0
0.8177777528762817,5200.0,0.6471,97.0,225.0
0.8516746163368225,5200.0,0.6471,98.0,209.0
0.8666666746139526,5200.0,0.6471,99.0,180.0
0.8321678042411804,5250.0,0.6515,90.0,286.0
0.8345070481300354,5250.0,0.6515,91.0,284.0
0.8411552309989929,5250.0,0.6515,92.0,277.0
0.8481481671333313,5250.0,0.6515,93.0,270.0
0.8582375645637512,5250.0,0.6515,94.0,261.0
0.857723593711853,5250.0,0.6515,95.0,246.0
0.857758641242981,5250.0,0.6515,96.0,232.0
0.8675799369812012,5250.0,0.6515,97.0,219.0
0.8712871074676514,5250.0,0.6515,98.0,202.0
0.8994413614273071,5250.0,0.6515,99.0,179.0
0.748251736164093,5300.0,0.6515,90.0,286.0
0.7535211443901062,5300.0,0.6515,91.0,284.0
0.7554744482040405,5300.0,0.6515,92.0,274.0
0.7528089880943298,5300.0,0.6515,93.0,267.0
0.7704280018806458,5300.0,0.6515,94.0,257.0
0.7831325531005859,5300.0,0.6515,95.0,249.0
0.7866109013557434,5300.0,0.6515,96.0,239.0
0.8097345232963562,5300.0,0.6515,97.0,226.0
0.8349056839942932,5300.0,0.6515,98.0,212.0
0.8494623899459839,5300.0,0.6515,99.0,186.0
0.7602739930152893,5350.0,0.6515,90.0,292.0
0.761403501033783,5350.0,0.6515,91.0,285.0
0.774545431137085,5350.0,0.6515,92.0,275.0
0.7886792421340942,5350.0,0.6515,93.0,265.0
0.8031495809555054,5350.0,0.6515,94.0,254.0
0.8196721076965332,5350.0,0.6515,95.0,244.0
0.8283261656761169,5350.0,0.6515,96.0,233.0
0.8288288116455078,5350.0,0.6515,97.0,222.0
0.844660222530365,5350.0,0.6515,98.0,206.0
0.8777777552604675,5350.0,0.6515,99.0,180.0
0.7925170063972473,5400.0,0.6515,90.0,294.0
0.7951388955116272,5400.0,0.6515,91.0,288.0
0.7978723645210266,5400.0,0.6515,92.0,282.0
0.804347813129425,5400.0,0.6515,93.0,276.0
0.8134328126907349,5400.0,0.6515,94.0,268.0
0.8185328245162964,5400.0,0.6515,95.0,259.0
0.8196078538894653,5400.0,0.6515,96.0,255.0
0.8257261514663696,5400.0,0.6515,97.0,241.0
0.8398268222808838,5400.0,0.6515,98.0,231.0
0.8663366436958313,5400.0,0.6515,99.0,202.0
0.7526132464408875,5450.0,0.6553,90.0,287.0
0.7553191781044006,5450.0,0.6553,91.0,282.0
0.7644927501678467,5450.0,0.6553,92.0,276.0
0.7640449404716492,5450.0,0.6553,93.0,267.0
0.7734375,5450.0,0.6553,94.0,256.0
0.7799999713897705,5450.0,0.6553,95.0,250.0
0.7877551317214966,5450.0,0.6553,96.0,245.0
0.804347813129425,5450.0,0.6553,97.0,230.0
0.8215962648391724,5450.0,0.6553,98.0,213.0
0.8548387289047241,5450.0,0.6553,99.0,186.0
0.775086522102356,5500.0,0.6553,90.0,289.0
0.7872340679168701,5500.0,0.6553,91.0,282.0
0.7870036363601685,5500.0,0.6553,92.0,277.0
0.7941176295280457,5500.0,0.6553,93.0,272.0
0.800000011920929,5500.0,0.6553,94.0,260.0
0.8112449645996094,5500.0,0.6553,95.0,249.0
0.8227847814559937,5500.0,0.6553,96.0,237.0
0.8348214030265808,5500.0,0.6553,97.0,224.0
0.8708133697509766,5500.0,0.6553,98.0,209.0
0.9034090638160706,5500.0,0.6553,99.0,176.0
0.8074324131011963,5550.0,0.6553,90.0,296.0
0.8122866749763489,5550.0,0.6553,91.0,293.0
0.8146852850914001,5550.0,0.6553,92.0,286.0
0.8226950168609619,5550.0,0.6553,93.0,282.0
0.8308823704719543,5550.0,0.6553,94.0,272.0
0.8377358317375183,5550.0,0.6553,95.0,265.0
0.8549019694328308,5550.0,0.6553,96.0,255.0
0.8571428656578064,5550.0,0.6553,97.0,238.0
0.8755760192871094,5550.0,0.6553,98.0,217.0
0.8784530162811279,5550.0,0.6553,99.0,181.0
0.7746478915214539,5600.0,0.6553,90.0,284.0
0.7749999761581421,5600.0,0.6553,91.0,280.0
0.7814815044403076,5600.0,0.6553,92.0,270.0
0.7773584723472595,5600.0,0.6553,93.0,265.0
0.7884615659713745,5600.0,0.6553,94.0,260.0
0.7896825671195984,5600.0,0.6553,95.0,252.0
0.790123462677002,5600.0,0.6553,96.0,243.0
0.7982456088066101,5600.0,0.6553,97.0,228.0
0.8155339956283569,5600.0,0.6553,98.0,206.0
0.8453038930892944,5600.0,0.6553,99.0,181.0
0.7649253606796265,5650.0,0.6597,90.0,268.0
0.7739463448524475,5650.0,0.6597,91.0,261.0
0.7734375,5650.0,0.6597,92.0,256.0
0.7813765406608582,5650.0,0.6597,93.0,247.0
0.7842323780059814,5650.0,0.6597,94.0,241.0
0.7957446575164795,5650.0,0.6597,95.0,235.0
0.8008849620819092,5650.0,0.6597,96.0,226.0
0.8119266033172607,5650.0,0.6597,97.0,218.0
0.8284313678741455,5650.0,0.6597,98.0,204.0
0.8508287072181702,5650.0,0.6597,99.0,181.0
0.8253424763679504,5700.0,0.6597,90.0,292.0
0.8216783404350281,5700.0,0.6597,91.0,286.0
0.8268551230430603,5700.0,0.6597,92.0,283.0
0.8321428298950195,5700.0,0.6597,93.0,280.0
0.8370370268821716,5700.0,0.6597,94.0,270.0
0.849056601524353,5700.0,0.6597,95.0,265.0
0.8666666746139526,5700.0,0.6597,96.0,255.0
0.868852436542511,5700.0,0.6597,97.0,244.0
0.8810572624206543,5700.0,0.6597,98.0,227.0
0.905940592288971,5700.0,0.6597,99.0,202.0
0.800000011920929,5750.0,0.6597,90.0,285.0
0.8021582961082458,5750.0,0.6597,91.0,278.0
0.8052434325218201,5750.0,0.6597,92.0,267.0
0.8098859190940857,5750.0,0.6597,93.0,263.0
0.8115384578704834,5750.0,0.6597,94.0,260.0
0.8353909254074097,5750.0,0.6597,95.0,243.0
0.8441558480262756,5750.0,0.6597,96.0,231.0
0.8721461296081543,5750.0,0.6597,97.0,219.0
0.8965517282485962,5750.0,0.6597,98.0,203.0
0.8999999761581421,5750.0,0.6597,99.0,190.0
0.8779661059379578,5800.0,0.6597,90.0,295.0
0.881118893623352,5800.0,0.6597,91.0,286.0
0.8892857432365417,5800.0,0.6597,92.0,280.0
0.8916967511177063,5800.0,0.6597,93.0,277.0
0.8992537260055542,5800.0,0.6597,94.0,268.0
0.9015151262283325,5800.0,0.6597,95.0,264.0
0.9019607901573181,5800.0,0.6597,96.0,255.0
0.9083333611488342,5800.0,0.6597,97.0,240.0
0.9115044474601746,5800.0,0.6597,98.0,226.0
0.9365853667259216,5800.0,0.6597,99.0,205.0
0.8112582564353943,5850.0,0.6672,90.0,302.0
0.8127090334892273,5850.0,0.6672,91.0,299.0
0.8253424763679504,5850.0,0.6672,92.0,292.0
0.8275862336158752,5850.0,0.6672,93.0,290.0
0.8357142806053162,5850.0,0.6672,94.0,280.0
0.8383458852767944,5850.0,0.6672,95.0,266.0
0.8470588326454163,5850.0,0.6672,96.0,255.0
0.866108775138855,5850.0,0.6672,97.0,239.0
0.865470826625824,5850.0,0.6672,98.0,223.0
0.8888888955116272,5850.0,0.6672,99.0,198.0
0.861940324306488,5900.0,0.6672,90.0,268.0
0.8636363744735718,5900.0,0.6672,91.0,264.0
0.8610038757324219,5900.0,0.6672,92.0,259.0
0.8638132214546204,5900.0,0.6672,93.0,257.0
0.8674699068069458,5900.0,0.6672,94.0,249.0
0.8842975497245789,5900.0,0.6672,95.0,242.0
0.8927038908004761,5900.0,0.6672,96.0,233.0
0.9023255705833435,5900.0,0.6672,97.0,215.0
0.9082125425338745,5900.0,0.6672,98.0,207.0
0.9239130616188049,5900.0,0.6672,99.0,184.0
0.8131487965583801,5950.0,0.6672,90.0,289.0
0.8256227970123291,5950.0,0.6672,91.0,281.0
0.8297101259231567,5950.0,0.6672,92.0,276.0
0.8308823704719543,5950.0,0.6672,93.0,272.0
0.8421052694320679,5950.0,0.6672,94.0,266.0
0.8449612259864807,5950.0,0.6672,95.0,258.0
0.8606557250022888,5950.0,0.6672,96.0,244.0
0.8744394779205322,5950.0,0.6672,97.0,223.0
0.8952381014823914,5950.0,0.6672,98.0,210.0
0.9109947681427002,5950.0,0.6672,99.0,191.0
0.8148148059844971,6000.0,0.6672,90.0,270.0
0.8269230723381042,6000.0,0.6672,91.0,260.0
0.8294573426246643,6000.0,0.6672,92.0,258.0
0.8455284833908081,6000.0,0.6672,93.0,246.0
0.8416666388511658,6000.0,0.6672,94.0,240.0
0.8461538553237915,6000.0,0.6672,95.0,234.0
0.8458150029182434,6000.0,0.6672,96.0,227.0
0.8558139801025391,6000.0,0.6672,97.0,215.0
0.8689320683479309,6000.0,0.6672,98.0,206.0
0.885869562625885,6000.0,0.6672,99.0,184.0
0.8175895810127258,6050.0,0.6714,90.0,307.0
0.8205980062484741,6050.0,0.6714,91.0,301.0
0.8288590312004089,6050.0,0.6714,92.0,298.0
0.8395904302597046,6050.0,0.6714,93.0,293.0
0.8506944179534912,6050.0,0.6714,94.0,288.0
0.8561151027679443,6050.0,0.6714,95.0,278.0
0.8614231944084167,6050.0,0.6714,96.0,267.0
0.8835341334342957,6050.0,0.6714,97.0,249.0
0.886956512928009,6050.0,0.6714,98.0,230.0
0.893203854560852,6050.0,0.6714,99.0,206.0
0.8391608595848083,6100.0,0.6714,90.0,286.0
0.856630802154541,6100.0,0.6714,91.0,279.0
0.8654545545578003,6100.0,0.6714,92.0,275.0
0.8708487153053284,6100.0,0.6714,93.0,271.0
0.8726591467857361,6100.0,0.6714,94.0,267.0
0.875,6100.0,0.6714,95.0,264.0
0.8793774247169495,6100.0,0.6714,96.0,257.0
0.8953974843025208,6100.0,0.6714,97.0,239.0
0.8991228342056274,6100.0,0.6714,98.0,228.0
0.9257425665855408,6100.0,0.6714,99.0,202.0
0.801369845867157,6150.0,0.6714,90.0,292.0
0.8048780560493469,6150.0,0.6714,91.0,287.0
0.804964542388916,6150.0,0.6714,92.0,282.0
0.8086642622947693,6150.0,0.6714,93.0,277.0
0.8104089498519897,6150.0,0.6714,94.0,269.0
0.8262548446655273,6150.0,0.6714,95.0,259.0
0.8373016119003296,6150.0,0.6714,96.0,252.0
0.8477365970611572,6150.0,0.6714,97.0,243.0
0.8705357313156128,6150.0,0.6714,98.0,224.0
0.896039605140686,6150.0,0.6714,99.0,202.0
0.791946291923523,6200.0,0.6714,90.0,298.0
0.7952218651771545,6200.0,0.6714,91.0,293.0
0.8013937473297119,6200.0,0.6714,92.0,287.0
0.8014184236526489,6200.0,0.6714,93.0,282.0
0.798561155796051,6200.0,0.6714,94.0,278.0
0.800000011920929,6200.0,0.6714,95.0,270.0
0.8060836791992188,6200.0,0.6714,96.0,263.0
0.8181818127632141,6200.0,0.6714,97.0,253.0
0.8290598392486572,6200.0,0.6714,98.0,234.0
0.849056601524353,6200.0,0.6714,99.0,212.0
0.8247422575950623,6250.0,0.6769,90.0,291.0
0.8315789699554443,6250.0,0.6769,91.0,285.0
0.8405796885490417,6250.0,0.6769,92.0,276.0
0.8487085103988647,6250.0,0.6769,93.0,271.0
0.8522727489471436,6250.0,0.6769,94.0,264.0
0.8764940500259399,6250.0,0.6769,95.0,251.0
0.8852459192276001,6250.0,0.6769,96.0,244.0
0.8823529481887817,6250.0,0.6769,97.0,238.0
0.8968609571456909,6250.0,0.6769,98.0,223.0
0.9166666865348816,6250.0,0.6769,99.0,204.0
0.8269895911216736,6300.0,0.6769,90.0,289.0
0.8489208817481995,6300.0,0.6769,91.0,278.0
0.8503649830818176,6300.0,0.6769,92.0,274.0
0.8539325594902039,6300.0,0.6769,93.0,267.0
0.8725868463516235,6300.0,0.6769,94.0,259.0
0.8705882430076599,6300.0,0.6769,95.0,255.0
0.8674699068069458,6300.0,0.6769,96.0,249.0
0.8913043737411499,6300.0,0.6769,97.0,230.0
0.9065420627593994,6300.0,0.6769,98.0,214.0
0.9067357778549194,6300.0,0.6769,99.0,193.0
0.801980197429657,6350.0,0.6769,90.0,303.0
0.8108108043670654,6350.0,0.6769,91.0,296.0
0.8213058710098267,6350.0,0.6769,92.0,291.0
0.8315789699554443,6350.0,0.6769,93.0,285.0
0.8285714387893677,6350.0,0.6769,94.0,280.0
0.8388278484344482,6350.0,0.6769,95.0,273.0
0.8571428656578064,6350.0,0.6769,96.0,266.0
0.8774703741073608,6350.0,0.6769,97.0,253.0
0.8879310488700867,6350.0,0.6769,98.0,232.0
0.9033816456794739,6350.0,0.6769,99.0,207.0
0.8513513803482056,6400.0,0.6769,90.0,296.0
0.8508474826812744,6400.0,0.6769,91.0,295.0
0.8522336483001709,6400.0,0.6769,92.0,291.0
0.859649121761322,6400.0,0.6769,93.0,285.0
0.8664259910583496,6400.0,0.6769,94.0,277.0
0.8745387196540833,6400.0,0.6769,95.0,271.0
0.8803088665008545,6400.0,0.6769,96.0,259.0
0.8983739614486694,6400.0,0.6769,97.0,246.0
0.9082969427108765,6400.0,0.6769,98.0,229.0
0.9285714030265808,6400.0,0.6769,99.0,196.0
0.8181818127632141,6450.0,0.6831,90.0,297.0
0.8191125988960266,6450.0,0.6831,91.0,293.0
0.818493127822876,6450.0,0.6831,92.0,292.0
0.8257839679718018,6450.0,0.6831,93.0,287.0
0.8291814923286438,6450.0,0.6831,94.0,281.0
0.8357664346694946,6450.0,0.6831,95.0,274.0
0.8409090638160706,6450.0,0.6831,96.0,264.0
0.8502024412155151,6450.0,0.6831,97.0,247.0
0.8695651888847351,6450.0,0.6831,98.0,230.0
0.8883495330810547,6450.0,0.6831,99.0,206.0
0.8731883764266968,6500.0,0.6831,90.0,276.0
0.8754578828811646,6500.0,0.6831,91.0,273.0
0.8796992301940918,6500.0,0.6831,92.0,266.0
0.8914728760719299,6500.0,0.6831,93.0,258.0
0.8910505771636963,6500.0,0.6831,94.0,257.0
0.892430305480957,6500.0,0.6831,95.0,251.0
0.8966942429542542,6500.0,0.6831,96.0,242.0
0.9055793881416321,6500.0,0.6831,97.0,233.0
0.9082568883895874,6500.0,0.6831,98.0,218.0
0.9257425665855408,6500.0,0.6831,99.0,202.0
0.8283828496932983,6550.0,0.6831,90.0,303.0
0.832775890827179,6550.0,0.6831,91.0,299.0
0.8401360511779785,6550.0,0.6831,92.0,294.0
0.8402777910232544,6550.0,0.6831,93.0,288.0
0.8514492511749268,6550.0,0.6831,94.0,276.0
0.858208954334259,6550.0,0.6831,95.0,268.0
0.8725868463516235,6550.0,0.6831,96.0,259.0
0.8943089246749878,6550.0,0.6831,97.0,246.0
0.902953565120697,6550.0,0.6831,98.0,237.0
0.9271844625473022,6550.0,0.6831,99.0,206.0
0.831250011920929,6600.0,0.6831,90.0,320.0
0.837579607963562,6600.0,0.6831,91.0,314.0
0.8419354557991028,6600.0,0.6831,92.0,310.0
0.8571428656578064,6600.0,0.6831,93.0,301.0
0.8659793734550476,6600.0,0.6831,94.0,291.0
0.8727915287017822,6600.0,0.6831,95.0,283.0
0.8847583532333374,6600.0,0.6831,96.0,269.0
0.8957529067993164,6600.0,0.6831,97.0,259.0
0.925000011920929,6600.0,0.6831,98.0,240.0
0.9271844625473022,6600.0,0.6831,99.0,206.0
0.8397436141967773,6650.0,0.6871,90.0,312.0
0.8441558480262756,6650.0,0.6871,91.0,308.0
0.8561872839927673,6650.0,0.6871,92.0,299.0
0.8591065406799316,6650.0,0.6871,93.0,291.0
0.8683273792266846,6650.0,0.6871,94.0,281.0
0.8717948794364929,6650.0,0.6871,95.0,273.0
0.8825757503509521,6650.0,0.6871,96.0,264.0
0.8880000114440918,6650.0,0.6871,97.0,250.0
0.8940678238868713,6650.0,0.6871,98.0,236.0
0.9090909361839294,6650.0,0.6871,99.0,209.0
0.8366666436195374,6700.0,0.6871,90.0,300.0
0.8451178669929504,6700.0,0.6871,91.0,297.0
0.8445945978164673,6700.0,0.6871,92.0,296.0
0.8466898798942566,6700.0,0.6871,93.0,287.0
0.8485915660858154,6700.0,0.6871,94.0,284.0
0.8539325594902039,6700.0,0.6871,95.0,267.0
0.8599221706390381,6700.0,0.6871,96.0,257.0
0.8672199249267578,6700.0,0.6871,97.0,241.0
0.8854625821113586,6700.0,0.6871,98.0,227.0
0.9113300442695618,6700.0,0.6871,99.0,203.0
0.8200691938400269,6750.0,0.6871,90.0,289.0
0.8245614171028137,6750.0,0.6871,91.0,285.0
0.8327401876449585,6750.0,0.6871,92.0,281.0
0.8450184464454651,6750.0,0.6871,93.0,271.0
0.852830171585083,6750.0,0.6871,94.0,265.0
0.8615384697914124,6750.0,0.6871,95.0,260.0
0.8695651888847351,6750.0,0.6871,96.0,253.0
0.8760330677032471,6750.0,0.6871,97.0,242.0
0.8928571343421936,6750.0,0.6871,98.0,224.0
0.9009901285171509,6750.0,0.6871,99.0,202.0
0.8181818127632141,6800.0,0.6871,90.0,297.0
0.8213058710098267,6800.0,0.6871,91.0,291.0
0.8345070481300354,6800.0,0.6871,92.0,284.0
0.8483754396438599,6800.0,0.6871,93.0,277.0
0.8624535202980042,6800.0,0.6871,94.0,269.0
0.8636363744735718,6800.0,0.6871,95.0,264.0
0.8610038757324219,6800.0,0.6871,96.0,259.0
0.8739495873451233,6800.0,0.6871,97.0,238.0
0.8844444155693054,6800.0,0.6871,98.0,225.0
0.896039605140686,6800.0,0.6871,99.0,202.0
0.8349835276603699,6850.0,0.6907,90.0,303.0
0.8394649028778076,6850.0,0.6907,91.0,299.0
0.8417508602142334,6850.0,0.6907,92.0,297.0
0.8458904027938843,6850.0,0.6907,93.0,292.0
0.8496503233909607,6850.0,0.6907,94.0,286.0
0.847517728805542,6850.0,0.6907,95.0,282.0
0.85447758436203,6850.0,0.6907,96.0,268.0
0.8549618124961853,6850.0,0.6907,97.0,262.0
0.8818565607070923,6850.0,0.6907,98.0,237.0
0.8999999761581421,6850.0,0.6907,99.0,210.0
0.8006992936134338,6900.0,0.6907,90.0,286.0
0.8057553768157959,6900.0,0.6907,91.0,278.0
0.8086642622947693,6900.0,0.6907,92.0,277.0
0.8131868243217468,6900.0,0.6907,93.0,273.0
0.8195488452911377,6900.0,0.6907,94.0,266.0
0.8365758657455444,6900.0,0.6907,95.0,257.0
0.8380566835403442,6900.0,0.6907,96.0,247.0
0.8474576473236084,6900.0,0.6907,97.0,236.0
0.8630136847496033,6900.0,0.6907,98.0,219.0
0.8832487463951111,6900.0,0.6907,99.0,197.0
0.8156996369361877,6950.0,0.6907,90.0,293.0
0.8229166865348816,6950.0,0.6907,91.0,288.0
0.8285714387893677,6950.0,0.6907,92.0,280.0
0.8413284420967102,6950.0,0.6907,93.0,271.0
0.8505747318267822,6950.0,0.6907,94.0,261.0
0.8605577945709229,6950.0,0.6907,95.0,251.0
0.8565573692321777,6950.0,0.6907,96.0,244.0
0.8619247078895569,6950.0,0.6907,97.0,239.0
0.8858447670936584,6950.0,0.6907,98.0,219.0
0.8944723606109619,6950.0,0.6907,99.0,199.0
0.8343949317932129,7000.0,0.6907,90.0,314.0
0.8376623392105103,7000.0,0.6907,91.0,308.0
0.8448845148086548,7000.0,0.6907,92.0,303.0
0.8484848737716675,7000.0,0.6907,93.0,297.0
0.853741466999054,7000.0,0.6907,94.0,294.0
0.8541666865348816,7000.0,0.6907,95.0,288.0
0.8628158569335938,7000.0,0.6907,96.0,277.0
0.8609022498130798,7000.0,0.6907,97.0,266.0
0.8858267664909363,7000.0,0.6907,98.0,254.0
0.9047619104385376,7000.0,0.6907,99.0,231.0
0.8143322467803955,7050.0,0.6947,90.0,307.0
0.8250824809074402,7050.0,0.6947,91.0,303.0
0.8435373902320862,7050.0,0.6947,92.0,294.0
0.8408304452896118,7050.0,0.6947,93.0,289.0
0.8642857074737549,7050.0,0.6947,94.0,280.0
0.8791208863258362,7050.0,0.6947,95.0,273.0
0.88345867395401,7050.0,0.6947,96.0,266.0
0.8880308866500854,7050.0,0.6947,97.0,259.0
0.9063829779624939,7050.0,0.6947,98.0,235.0
0.9138755798339844,7050.0,0.6947,99.0,209.0
0.843137264251709,7100.0,0.6947,90.0,306.0
0.8415841460227966,7100.0,0.6947,91.0,303.0
0.8500000238418579,7100.0,0.6947,92.0,300.0
0.8503401279449463,7100.0,0.6947,93.0,294.0
0.8512110710144043,7100.0,0.6947,94.0,289.0
0.8649635314941406,7100.0,0.6947,95.0,274.0
0.8716981410980225,7100.0,0.6947,96.0,265.0
0.8774703741073608,7100.0,0.6947,97.0,253.0
0.887499988079071,7100.0,0.6947,98.0,240.0
0.8868778347969055,7100.0,0.6947,99.0,221.0
0.8959731459617615,7150.0,0.6947,90.0,298.0
0.90625,7150.0,0.6947,91.0,288.0
0.9119718074798584,7150.0,0.6947,92.0,284.0
0.9139785170555115,7150.0,0.6947,93.0,279.0
0.9117646813392639,7150.0,0.6947,94.0,272.0
0.9253731369972229,7150.0,0.6947,95.0,268.0
0.9312977194786072,7150.0,0.6947,96.0,262.0
0.934108555316925,7150.0,0.6947,97.0,258.0
0.9380165338516235,7150.0,0.6947,98.0,242.0
0.9553571343421936,7150.0,0.6947,99.0,224.0
0.8020833134651184,7200.0,0.6947,90.0,288.0
0.8085106611251831,7200.0,0.6947,91.0,282.0
0.8122743964195251,7200.0,0.6947,92.0,277.0
0.8131868243217468,7200.0,0.6947,93.0,273.0
0.8098859190940857,7200.0,0.6947,94.0,263.0
0.8132295608520508,7200.0,0.6947,95.0,257.0
0.8244897723197937,7200.0,0.6947,96.0,245.0
0.8270041942596436,7200.0,0.6947,97.0,237.0
0.837104082107544,7200.0,0.6947,98.0,221.0
0.8550000190734863,7200.0,0.6947,99.0,200.0
0.8476821184158325,7250.0,0.6993,90.0,302.0
0.8585858345031738,7250.0,0.6993,91.0,297.0
0.8561643958091736,7250.0,0.6993,92.0,292.0
0.8541666865348816,7250.0,0.6993,93.0,288.0
0.8602150678634644,7250.0,0.6993,94.0,279.0
0.8629629611968994,7250.0,0.6993,95.0,270.0
0.8720930218696594,7250.0,0.6993,96.0,258.0
0.8780487775802612,7250.0,0.6993,97.0,246.0
0.8803418874740601,7250.0,0.6993,98.0,234.0
0.8862559199333191,7250.0,0.6993,99.0,211.0
0.8386076092720032,7300.0,0.6993,90.0,316.0
0.8436481952667236,7300.0,0.6993,91.0,307.0
0.8421052694320679,7300.0,0.6993,92.0,304.0
0.8461538553237915,7300.0,0.6993,93.0,299.0
0.8453608155250549,7300.0,0.6993,94.0,291.0
0.8525179624557495,7300.0,0.6993,95.0,278.0
0.853383481502533,7300.0,0.6993,96.0,266.0
0.8825910687446594,7300.0,0.6993,97.0,247.0
0.8908296823501587,7300.0,0.6993,98.0,229.0
0.9158415794372559,7300.0,0.6993,99.0,202.0
0.85161292552948,7350.0,0.6993,90.0,310.0
0.8585526347160339,7350.0,0.6993,91.0,304.0
0.8637873530387878,7350.0,0.6993,92.0,301.0
0.872053861618042,7350.0,0.6993,93.0,297.0
0.875432550907135,7350.0,0.6993,94.0,289.0
0.8888888955116272,7350.0,0.6993,95.0,279.0
0.8888888955116272,7350.0,0.6993,96.0,270.0
0.8965517282485962,7350.0,0.6993,97.0,261.0
0.9135802388191223,7350.0,0.6993,98.0,243.0
0.9247787594795227,7350.0,0.6993,99.0,226.0
0.8552631735801697,7400.0,0.6993,90.0,304.0
0.8561872839927673,7400.0,0.6993,91.0,299.0
0.8668941855430603,7400.0,0.6993,92.0,293.0
0.869257926940918,7400.0,0.6993,93.0,283.0
0.8781362175941467,7400.0,0.6993,94.0,279.0
0.8795620203018188,7400.0,0.6993,95.0,274.0
0.8838951587677002,7400.0,0.6993,96.0,267.0
0.8884615302085876,7400.0,0.6993,97.0,260.0
0.8983739614486694,7400.0,0.6993,98.0,246.0
0.9144144058227539,7400.0,0.6993,99.0,222.0
0.7857142686843872,7450.0,0.7048,90.0,308.0
0.7894737124443054,7450.0,0.7048,91.0,304.0
0.7959865927696228,7450.0,0.7048,92.0,299.0
0.8020477890968323,7450.0,0.7048,93.0,293.0
0.8096885681152344,7450.0,0.7048,94.0,289.0
0.8162544369697571,7450.0,0.7048,95.0,283.0
0.8205128312110901,7450.0,0.7048,96.0,273.0
0.8275862336158752,7450.0,0.7048,97.0,261.0
0.8467742204666138,7450.0,0.7048,98.0,248.0
0.8928571343421936,7450.0,0.7048,99.0,224.0
0.8223684430122375,7500.0,0.7048,90.0,304.0
0.829431414604187,7500.0,0.7048,91.0,299.0
0.8419243693351746,7500.0,0.7048,92.0,291.0
0.8450704216957092,7500.0,0.7048,93.0,284.0
0.8514492511749268,7500.0,0.7048,94.0,276.0
0.8634686470031738,7500.0,0.7048,95.0,271.0
0.874015748500824,7500.0,0.7048,96.0,254.0
0.8770492076873779,7500.0,0.7048,97.0,244.0
0.8913043737411499,7500.0,0.7048,98.0,230.0
0.9019607901573181,7500.0,0.7048,99.0,204.0
0.84375,7550.0,0.7048,90.0,320.0
0.8539682626724243,7550.0,0.7048,91.0,315.0
0.85161292552948,7550.0,0.7048,92.0,310.0
0.868686854839325,7550.0,0.7048,93.0,297.0
0.8793103694915771,7550.0,0.7048,94.0,290.0
0.8960573673248291,7550.0,0.7048,95.0,279.0
0.9067164063453674,7550.0,0.7048,96.0,268.0
0.9189189076423645,7550.0,0.7048,97.0,259.0
0.9271255135536194,7550.0,0.7048,98.0,247.0
0.9313304424285889,7550.0,0.7048,99.0,233.0
0.8627451062202454,7600.0,0.7048,90.0,306.0
0.8662207126617432,7600.0,0.7048,91.0,299.0
0.8703071475028992,7600.0,0.7048,92.0,293.0
0.8728522062301636,7600.0,0.7048,93.0,291.0
0.8745644688606262,7600.0,0.7048,94.0,287.0
0.8767605423927307,7600.0,0.7048,95.0,284.0
0.8901098966598511,7600.0,0.7048,96.0,273.0
0.9007633328437805,7600.0,0.7048,97.0,262.0
0.9291666746139526,7600.0,0.7048,98.0,240.0
0.9369369149208069,7600.0,0.7048,99.0,222.0
0.7903226017951965,7650.0,0.7101,90.0,310.0
0.7934426069259644,7650.0,0.7101,91.0,305.0
0.8039867281913757,7650.0,0.7101,92.0,301.0
0.8135592937469482,7650.0,0.7101,93.0,295.0
0.8216783404350281,7650.0,0.7101,94.0,286.0
0.8345323801040649,7650.0,0.7101,95.0,278.0
0.8401486873626709,7650.0,0.7101,96.0,269.0
0.8416988253593445,7650.0,0.7101,97.0,259.0
0.843999981880188,7650.0,0.7101,98.0,250.0
0.8699551820755005,7650.0,0.7101,99.0,223.0
0.8527607321739197,7700.0,0.7101,90.0,326.0
0.854938268661499,7700.0,0.7101,91.0,324.0
0.8548895716667175,7700.0,0.7101,92.0,317.0
0.8566879034042358,7700.0,0.7101,93.0,314.0
0.8631922006607056,7700.0,0.7101,94.0,307.0
0.8673469424247742,7700.0,0.7101,95.0,294.0
0.8767605423927307,7700.0,0.7101,96.0,284.0
0.8947368264198303,7700.0,0.7101,97.0,266.0
0.8947368264198303,7700.0,0.7101,98.0,247.0
0.9058296084403992,7700.0,0.7101,99.0,223.0
0.8700000047683716,7750.0,0.7101,90.0,300.0
0.8775510191917419,7750.0,0.7101,91.0,294.0
0.875432550907135,7750.0,0.7101,92.0,289.0
0.8790035843849182,7750.0,0.7101,93.0,281.0
0.8868613243103027,7750.0,0.7101,94.0,274.0
0.9007633328437805,7750.0,0.7101,95.0,262.0
0.9169960618019104,7750.0,0.7101,96.0,253.0
0.9336099624633789,7750.0,0.7101,97.0,241.0
0.9464285969734192,7750.0,0.7101,98.0,224.0
0.9649999737739563,7750.0,0.7101,99.0,200.0
0.8374233245849609,7800.0,0.7101,90.0,326.0
0.8442367315292358,7800.0,0.7101,91.0,321.0
0.8481012582778931,7800.0,0.7101,92.0,316.0
0.8571428656578064,7800.0,0.7101,93.0,308.0
0.8604651093482971,7800.0,0.7101,94.0,301.0
0.8728522062301636,7800.0,0.7101,95.0,291.0
0.8821428418159485,7800.0,0.7101,96.0,280.0
0.8876811861991882,7800.0,0.7101,97.0,276.0
0.9011406898498535,7800.0,0.7101,98.0,263.0
0.9155555367469788,7800.0,0.7101,99.0,225.0
0.8489425778388977,7850.0,0.715,90.0,331.0
0.848024308681488,7850.0,0.715,91.0,329.0
0.8523076772689819,7850.0,0.715,92.0,325.0
0.8589341640472412,7850.0,0.715,93.0,319.0
0.8626198172569275,7850.0,0.715,94.0,313.0
0.8631922006607056,7850.0,0.715,95.0,307.0
0.8787878751754761,7850.0,0.715,96.0,297.0
0.8850173950195312,7850.0,0.715,97.0,287.0
0.8984962701797485,7850.0,0.715,98.0,266.0
0.9016393423080444,7850.0,0.715,99.0,244.0
0.8403908610343933,7900.0,0.715,90.0,307.0
0.8481848239898682,7900.0,0.715,91.0,303.0
0.8542372584342957,7900.0,0.715,92.0,295.0
0.8566433787345886,7900.0,0.715,93.0,286.0
0.8592057824134827,7900.0,0.715,94.0,277.0
0.8726591467857361,7900.0,0.715,95.0,267.0
0.87109375,7900.0,0.715,96.0,256.0
0.8830645084381104,7900.0,0.715,97.0,248.0
0.8898678421974182,7900.0,0.715,98.0,227.0
0.893203854560852,7900.0,0.715,99.0,206.0
0.8364779949188232,7950.0,0.715,90.0,318.0
0.8391166925430298,7950.0,0.715,91.0,317.0
0.8397436141967773,7950.0,0.715,92.0,312.0
0.8414239287376404,7950.0,0.715,93.0,309.0
0.8471760749816895,7950.0,0.715,94.0,301.0
0.8625429272651672,7950.0,0.715,95.0,291.0
0.867132842540741,7950.0,0.715,96.0,286.0
0.871886134147644,7950.0,0.715,97.0,281.0
0.8796992301940918,7950.0,0.715,98.0,266.0
0.8983050584793091,7950.0,0.715,99.0,236.0
0.830670952796936,8000.0,0.715,90.0,313.0
0.8338761925697327,8000.0,0.715,91.0,307.0
0.8338870406150818,8000.0,0.715,92.0,301.0
0.8333333134651184,8000.0,0.715,93.0,300.0
0.8333333134651184,8000.0,0.715,94.0,294.0
0.8397212624549866,8000.0,0.715,95.0,287.0
0.8571428656578064,8000.0,0.715,96.0,273.0
0.8769230842590332,8000.0,0.715,97.0,260.0
0.8962655663490295,8000.0,0.715,98.0,241.0
0.9095022678375244,8000.0,0.715,99.0,221.0
0.8554216623306274,8050.0,0.7177,90.0,332.0
0.854938268661499,8050.0,0.7177,91.0,324.0
0.8566977977752686,8050.0,0.7177,92.0,321.0
0.8662420511245728,8050.0,0.7177,93.0,314.0
0.8762214779853821,8050.0,0.7177,94.0,307.0
0.8829431533813477,8050.0,0.7177,95.0,299.0
0.8835616707801819,8050.0,0.7177,96.0,292.0
0.8776978254318237,8050.0,0.7177,97.0,278.0
0.8901515007019043,8050.0,0.7177,98.0,264.0
0.9113923907279968,8050.0,0.7177,99.0,237.0
0.8322368264198303,8100.0,0.7177,90.0,304.0
0.8349835276603699,8100.0,0.7177,91.0,303.0
0.8433333039283752,8100.0,0.7177,92.0,300.0
0.8487972617149353,8100.0,0.7177,93.0,291.0
0.8561403751373291,8100.0,0.7177,94.0,285.0
0.8649635314941406,8100.0,0.7177,95.0,274.0
0.8759689927101135,8100.0,0.7177,96.0,258.0
0.8799999952316284,8100.0,0.7177,97.0,250.0
0.9017093777656555,8100.0,0.7177,98.0,234.0
0.9158878326416016,8100.0,0.7177,99.0,214.0
0.874193549156189,8150.0,0.7177,90.0,310.0
0.8766233921051025,8150.0,0.7177,91.0,308.0
0.8844884634017944,8150.0,0.7177,92.0,303.0
0.8899999856948853,8150.0,0.7177,93.0,300.0
0.8918918967247009,8150.0,0.7177,94.0,296.0
0.9090909361839294,8150.0,0.7177,95.0,286.0
0.9136690497398376,8150.0,0.7177,96.0,278.0
0.9182156324386597,8150.0,0.7177,97.0,269.0
0.9319999814033508,8150.0,0.7177,98.0,250.0
0.9292035102844238,8150.0,0.7177,99.0,226.0
0.8818181753158569,8200.0,0.7177,90.0,330.0
0.8841463327407837,8200.0,0.7177,91.0,328.0
0.892307698726654,8200.0,0.7177,92.0,325.0
0.8958990573883057,8200.0,0.7177,93.0,317.0
0.8984127044677734,8200.0,0.7177,94.0,315.0
0.9084967374801636,8200.0,0.7177,95.0,306.0
0.918367326259613,8200.0,0.7177,96.0,294.0
0.9236111044883728,8200.0,0.7177,97.0,288.0
0.9338235259056091,8200.0,0.7177,98.0,272.0
0.9537814855575562,8200.0,0.7177,99.0,238.0
0.8842729926109314,8250.0,0.7177,90.0,337.0
0.8882175087928772,8250.0,0.7177,91.0,331.0
0.890577495098114,8250.0,0.7177,92.0,329.0
0.892307698726654,8250.0,0.7177,93.0,325.0
0.8955696225166321,8250.0,0.7177,94.0,316.0
0.898692786693573,8250.0,0.7177,95.0,306.0
0.9054054021835327,8250.0,0.7177,96.0,296.0
0.9042553305625916,8250.0,0.7177,97.0,282.0
0.9182156324386597,8250.0,0.7177,98.0,269.0
0.9180327653884888,8250.0,0.7177,99.0,244.0
0.870769202709198,8300.0,0.7177,90.0,325.0
0.8714733719825745,8300.0,0.7177,91.0,319.0
0.8730158805847168,8300.0,0.7177,92.0,315.0
0.8762214779853821,8300.0,0.7177,93.0,307.0
0.8733333349227905,8300.0,0.7177,94.0,300.0
0.8728522062301636,8300.0,0.7177,95.0,291.0
0.8844765424728394,8300.0,0.7177,96.0,277.0
0.8973383903503418,8300.0,0.7177,97.0,263.0
0.9090909361839294,8300.0,0.7177,98.0,253.0
0.9156118035316467,8300.0,0.7177,99.0,237.0
0.8486647009849548,8350.0,0.7177,90.0,337.0
0.8549848794937134,8350.0,0.7177,91.0,331.0
0.8641975522041321,8350.0,0.7177,92.0,324.0
0.8670886158943176,8350.0,0.7177,93.0,316.0
0.8677419424057007,8350.0,0.7177,94.0,310.0
0.8795986771583557,8350.0,0.7177,95.0,299.0
0.8858131766319275,8350.0,0.7177,96.0,289.0
0.8844765424728394,8350.0,0.7177,97.0,277.0
0.890625,8350.0,0.7177,98.0,256.0
0.9025423526763916,8350.0,0.7177,99.0,236.0
0.8344155550003052,8400.0,0.7177,90.0,308.0
0.8333333134651184,8400.0,0.7177,91.0,306.0
0.8394649028778076,8400.0,0.7177,92.0,299.0
0.8448275923728943,8400.0,0.7177,93.0,290.0
0.8461538553237915,8400.0,0.7177,94.0,286.0
0.8623188138008118,8400.0,0.7177,95.0,276.0
0.8656716346740723,8400.0,0.7177,96.0,268.0
0.8653846383094788,8400.0,0.7177,97.0,260.0
0.8790322542190552,8400.0,0.7177,98.0,248.0
0.8904109597206116,8400.0,0.7177,99.0,219.0
0.7903226017951965,8450.0,0.7177,90.0,310.0
0.7947019934654236,8450.0,0.7177,91.0,302.0
0.8013467788696289,8450.0,0.7177,92.0,297.0
0.807692289352417,8450.0,0.7177,93.0,286.0
0.8156028389930725,8450.0,0.7177,94.0,282.0
0.8321167826652527,8450.0,0.7177,95.0,274.0
0.8423076868057251,8450.0,0.7177,96.0,260.0
0.8492063283920288,8450.0,0.7177,97.0,252.0
0.8571428656578064,8450.0,0.7177,98.0,238.0
0.8801843523979187,8450.0,0.7177,99.0,217.0
0.8676922917366028,8500.0,0.7177,90.0,325.0
0.875,8500.0,0.7177,91.0,320.0
0.879365086555481,8500.0,0.7177,92.0,315.0
0.879365086555481,8500.0,0.7177,93.0,315.0
0.8863636255264282,8500.0,0.7177,94.0,308.0
0.8956229090690613,8500.0,0.7177,95.0,297.0
0.9034482836723328,8500.0,0.7177,96.0,290.0
0.9133573770523071,8500.0,0.7177,97.0,277.0
0.9348658919334412,8500.0,0.7177,98.0,261.0
0.9531915187835693,8500.0,0.7177,99.0,235.0
0.870769202709198,8550.0,0.7177,90.0,325.0
0.8714733719825745,8550.0,0.7177,91.0,319.0
0.8702531456947327,8550.0,0.7177,92.0,316.0
0.8778135180473328,8550.0,0.7177,93.0,311.0
0.8870431780815125,8550.0,0.7177,94.0,301.0
0.8931034207344055,8550.0,0.7177,95.0,290.0
0.9068100452423096,8550.0,0.7177,96.0,279.0
0.9239543676376343,8550.0,0.7177,97.0,263.0
0.92578125,8550.0,0.7177,98.0,256.0
0.943231463432312,8550.0,0.7177,99.0,229.0
0.852090060710907,8600.0,0.7177,90.0,311.0
0.8622950911521912,8600.0,0.7177,91.0,305.0
0.8737541437149048,8600.0,0.7177,92.0,301.0
0.8787878751754761,8600.0,0.7177,93.0,297.0
0.882758617401123,8600.0,0.7177,94.0,290.0
0.8908450603485107,8600.0,0.7177,95.0,284.0
0.8981817960739136,8600.0,0.7177,96.0,275.0
0.9018868207931519,8600.0,0.7177,97.0,265.0
0.908730149269104,8600.0,0.7177,98.0,252.0
0.9298245906829834,8600.0,0.7177,99.0,228.0
0.8407643437385559,8650.0,0.7177,90.0,314.0
0.8451613187789917,8650.0,0.7177,91.0,310.0
0.844660222530365,8650.0,0.7177,92.0,309.0
0.8491803407669067,8650.0,0.7177,93.0,305.0
0.8504983186721802,8650.0,0.7177,94.0,301.0
0.8605442047119141,8650.0,0.7177,95.0,294.0
0.868794322013855,8650.0,0.7177,96.0,282.0
0.8654545545578003,8650.0,0.7177,97.0,275.0
0.8759689927101135,8650.0,0.7177,98.0,258.0
0.903930127620697,8650.0,0.7177,99.0,229.0
0.8589341640472412,8700.0,0.7177,90.0,319.0
0.8630573153495789,8700.0,0.7177,91.0,314.0
0.8649517893791199,8700.0,0.7177,92.0,311.0
0.8741722106933594,8700.0,0.7177,93.0,302.0
0.8737541437149048,8700.0,0.7177,94.0,301.0
0.8762542009353638,8700.0,0.7177,95.0,299.0
0.8858131766319275,8700.0,0.7177,96.0,289.0
0.8913043737411499,8700.0,0.7177,97.0,276.0
0.9019607901573181,8700.0,0.7177,98.0,255.0
0.914893627166748,8700.0,0.7177,99.0,235.0
0.8432601690292358,8750.0,0.7177,90.0,319.0
0.8493589758872986,8750.0,0.7177,91.0,312.0
0.850649356842041,8750.0,0.7177,92.0,308.0
0.8585526347160339,8750.0,0.7177,93.0,304.0
0.8614864945411682,8750.0,0.7177,94.0,296.0
0.875,8750.0,0.7177,95.0,288.0
0.8812949657440186,8750.0,0.7177,96.0,278.0
0.891791045665741,8750.0,0.7177,97.0,268.0
0.9051383137702942,8750.0,0.7177,98.0,253.0
0.9307359457015991,8750.0,0.7177,99.0,231.0
0.8523076772689819,8800.0,0.7177,90.0,325.0
0.856249988079071,8800.0,0.7177,91.0,320.0
0.8594249486923218,8800.0,0.7177,92.0,313.0
0.8636363744735718,8800.0,0.7177,93.0,308.0
0.8783783912658691,8800.0,0.7177,94.0,296.0
0.8758620619773865,8800.0,0.7177,95.0,290.0
0.8873239159584045,8800.0,0.7177,96.0,284.0
0.9014598727226257,8800.0,0.7177,97.0,274.0
0.9111968874931335,8800.0,0.7177,98.0,259.0
0.9367088675498962,8800.0,0.7177,99.0,237.0
0.8421052694320679,8850.0,0.7177,90.0,323.0
0.8442367315292358,8850.0,0.7177,91.0,321.0
0.8444444537162781,8850.0,0.7177,92.0,315.0
0.8511326909065247,8850.0,0.7177,93.0,309.0
0.8642383813858032,8850.0,0.7177,94.0,302.0
0.868686854839325,8850.0,0.7177,95.0,297.0
0.8767605423927307,8850.0,0.7177,96.0,284.0
0.8860294222831726,8850.0,0.7177,97.0,272.0
0.8957529067993164,8850.0,0.7177,98.0,259.0
0.9117646813392639,8850.0,0.7177,99.0,238.0
0.8805031180381775,8900.0,0.7177,90.0,318.0
0.882539689540863,8900.0,0.7177,91.0,315.0
0.8896104097366333,8900.0,0.7177,92.0,308.0
0.8907284736633301,8900.0,0.7177,93.0,302.0
0.8952702879905701,8900.0,0.7177,94.0,296.0
0.8965517282485962,8900.0,0.7177,95.0,290.0
0.9064748287200928,8900.0,0.7177,96.0,278.0
0.9104477763175964,8900.0,0.7177,97.0,268.0
0.9186992049217224,8900.0,0.7177,98.0,246.0
0.9316239356994629,8900.0,0.7177,99.0,234.0
0.8580441474914551,8950.0,0.7177,90.0,317.0
0.8612903356552124,8950.0,0.7177,91.0,310.0
0.8712871074676514,8950.0,0.7177,92.0,303.0
0.8758389353752136,8950.0,0.7177,93.0,298.0
0.875420868396759,8950.0,0.7177,94.0,297.0
0.8850173950195312,8950.0,0.7177,95.0,287.0
0.890070915222168,8950.0,0.7177,96.0,282.0
0.89552241563797,8950.0,0.7177,97.0,268.0
0.9186992049217224,8950.0,0.7177,98.0,246.0
0.931506872177124,8950.0,0.7177,99.0,219.0
0.8485804200172424,9000.0,0.7177,90.0,317.0
0.8481012582778931,9000.0,0.7177,91.0,316.0
0.8501628637313843,9000.0,0.7177,92.0,307.0
0.8484848737716675,9000.0,0.7177,93.0,297.0
0.8551723957061768,9000.0,0.7177,94.0,290.0
0.8601398468017578,9000.0,0.7177,95.0,286.0
0.8649635314941406,9000.0,0.7177,96.0,274.0
0.8821292519569397,9000.0,0.7177,97.0,263.0
0.8911290168762207,9000.0,0.7177,98.0,248.0
0.9032257795333862,9000.0,0.7177,99.0,217.0
0.8810975551605225,9050.0,0.7397,90.0,328.0
0.8823529481887817,9050.0,0.7397,91.0,323.0
0.8895899057388306,9050.0,0.7397,92.0,317.0
0.8935483694076538,9050.0,0.7397,93.0,310.0
0.8922559022903442,9050.0,0.7397,94.0,297.0
0.8972602486610413,9050.0,0.7397,95.0,292.0
0.9017543792724609,9050.0,0.7397,96.0,285.0
0.904411792755127,9050.0,0.7397,97.0,272.0
0.9153845906257629,9050.0,0.7397,98.0,260.0
0.9333333373069763,9050.0,0.7397,99.0,240.0
0.8666666746139526,9100.0,0.7397,90.0,330.0
0.8658536672592163,9100.0,0.7397,91.0,328.0
0.8753893971443176,9100.0,0.7397,92.0,321.0
0.8761904835700989,9100.0,0.7397,93.0,315.0
0.875,9100.0,0.7397,94.0,312.0
0.8848684430122375,9100.0,0.7397,95.0,304.0
0.8938356041908264,9100.0,0.7397,96.0,292.0
0.8975265026092529,9100.0,0.7397,97.0,283.0
0.9026217460632324,9100.0,0.7397,98.0,267.0
0.9149797558784485,9100.0,0.7397,99.0,247.0
0.8777429461479187,9150.0,0.7397,90.0,319.0
0.8817891478538513,9150.0,0.7397,91.0,313.0
0.8831169009208679,9150.0,0.7397,92.0,308.0
0.8848684430122375,9150.0,0.7397,93.0,304.0
0.8821548819541931,9150.0,0.7397,94.0,297.0
0.8916084170341492,9150.0,0.7397,95.0,286.0
0.8904593586921692,9150.0,0.7397,96.0,283.0
0.8941605687141418,9150.0,0.7397,97.0,274.0
0.9153845906257629,9150.0,0.7397,98.0,260.0
0.9327731132507324,9150.0,0.7397,99.0,238.0
0.8658146858215332,9200.0,0.7397,90.0,313.0
0.8737541437149048,9200.0,0.7397,91.0,301.0
0.8724831938743591,9200.0,0.7397,92.0,298.0
0.8741496801376343,9200.0,0.7397,93.0,294.0
0.8745644688606262,9200.0,0.7397,94.0,287.0
0.8790035843849182,9200.0,0.7397,95.0,281.0
0.8808664083480835,9200.0,0.7397,96.0,277.0
0.8939393758773804,9200.0,0.7397,97.0,264.0
0.9120000004768372,9200.0,0.7397,98.0,250.0
0.9327354431152344,9200.0,0.7397,99.0,223.0
0.8471337556838989,9250.0,0.7397,90.0,314.0
0.8478964567184448,9250.0,0.7397,91.0,309.0
0.8524590134620667,9250.0,0.7397,92.0,305.0
0.8543046116828918,9250.0,0.7397,93.0,302.0
0.8566552996635437,9250.0,0.7397,94.0,293.0
0.8645833134651184,9250.0,0.7397,95.0,288.0
0.868794322013855,9250.0,0.7397,96.0,282.0
0.8856088519096375,9250.0,0.7397,97.0,271.0
0.9003984332084656,9250.0,0.7397,98.0,251.0
0.9181034564971924,9250.0,0.7397,99.0,232.0
0.89570552110672,9300.0,0.7397,90.0,326.0
0.9022082090377808,9300.0,0.7397,91.0,317.0
0.9073482155799866,9300.0,0.7397,92.0,313.0
0.9144737124443054,9300.0,0.7397,93.0,304.0
0.9200000166893005,9300.0,0.7397,94.0,300.0
0.9249146580696106,9300.0,0.7397,95.0,293.0
0.9314079284667969,9300.0,0.7397,96.0,277.0
0.9405204653739929,9300.0,0.7397,97.0,269.0
0.94921875,9300.0,0.7397,98.0,256.0
0.9581589698791504,9300.0,0.7397,99.0,239.0
0.8475610017776489,9350.0,0.7397,90.0,328.0
0.8575851321220398,9350.0,0.7397,91.0,323.0
0.859375,9350.0,0.7397,92.0,320.0
0.8634920716285706,9350.0,0.7397,93.0,315.0
0.8685897588729858,9350.0,0.7397,94.0,312.0
0.8819671869277954,9350.0,0.7397,95.0,305.0
0.8870431780815125,9350.0,0.7397,96.0,301.0
0.8972602486610413,9350.0,0.7397,97.0,292.0
0.9144981503486633,9350.0,0.7397,98.0,269.0
0.9341563582420349,9350.0,0.7397,99.0,243.0
0.873846173286438,9400.0,0.7397,90.0,325.0
0.8761609792709351,9400.0,0.7397,91.0,323.0
0.8777429461479187,9400.0,0.7397,92.0,319.0
0.8797468543052673,9400.0,0.7397,93.0,316.0
0.8814102411270142,9400.0,0.7397,94.0,312.0
0.885993480682373,9400.0,0.7397,95.0,307.0
0.8833333253860474,9400.0,0.7397,96.0,300.0
0.9020978808403015,9400.0,0.7397,97.0,286.0
0.9157509207725525,9400.0,0.7397,98.0,273.0
0.9359999895095825,9400.0,0.7397,99.0,250.0
0.8654970526695251,9450.0,0.7397,90.0,342.0
0.8639053106307983,9450.0,0.7397,91.0,338.0
0.8666666746139526,9450.0,0.7397,92.0,330.0
0.8843749761581421,9450.0,0.7397,93.0,320.0
0.8857142925262451,9450.0,0.7397,94.0,315.0
0.8918032646179199,9450.0,0.7397,95.0,305.0
0.9023569226264954,9450.0,0.7397,96.0,297.0
0.9119718074798584,9450.0,0.7397,97.0,284.0
0.9307692050933838,9450.0,0.7397,98.0,260.0
0.9497907757759094,9450.0,0.7397,99.0,239.0
0.848024308681488,9500.0,0.7397,90.0,329.0
0.8553845882415771,9500.0,0.7397,91.0,325.0
0.8544891476631165,9500.0,0.7397,92.0,323.0
0.8548895716667175,9500.0,0.7397,93.0,317.0
0.8640776872634888,9500.0,0.7397,94.0,309.0
0.8729097247123718,9500.0,0.7397,95.0,299.0
0.8780487775802612,9500.0,0.7397,96.0,287.0
0.8888888955116272,9500.0,0.7397,97.0,279.0
0.9042145609855652,9500.0,0.7397,98.0,261.0
0.9025423526763916,9500.0,0.7397,99.0,236.0
0.8613569140434265,9550.0,0.7397,90.0,339.0
0.8686566948890686,9550.0,0.7397,91.0,335.0
0.8678678870201111,9550.0,0.7397,92.0,333.0
0.8742331266403198,9550.0,0.7397,93.0,326.0
0.8808777332305908,9550.0,0.7397,94.0,319.0
0.8888888955116272,9550.0,0.7397,95.0,306.0
0.8952702879905701,9550.0,0.7397,96.0,296.0
0.9087719321250916,9550.0,0.7397,97.0,285.0
0.9172932505607605,9550.0,0.7397,98.0,266.0
0.9416666626930237,9550.0,0.7397,99.0,240.0
0.8513513803482056,9600.0,0.7397,90.0,296.0
0.8503401279449463,9600.0,0.7397,91.0,294.0
0.8512110710144043,9600.0,0.7397,92.0,289.0
0.8571428656578064,9600.0,0.7397,93.0,280.0
0.8681318759918213,9600.0,0.7397,94.0,273.0
0.8830188512802124,9600.0,0.7397,95.0,265.0
0.89453125,9600.0,0.7397,96.0,256.0
0.9098360538482666,9600.0,0.7397,97.0,244.0
0.9177489280700684,9600.0,0.7397,98.0,231.0
0.9124423861503601,9600.0,0.7397,99.0,217.0
0.8632218837738037,9650.0,0.7397,90.0,329.0
0.8646153807640076,9650.0,0.7397,91.0,325.0
0.8726708292961121,9650.0,0.7397,92.0,322.0
0.8853503465652466,9650.0,0.7397,93.0,314.0
0.8936877250671387,9650.0,0.7397,94.0,301.0
0.8949152827262878,9650.0,0.7397,95.0,295.0
0.8961937427520752,9650.0,0.7397,96.0,289.0
0.9035714268684387,9650.0,0.7397,97.0,280.0
0.9195402264595032,9650.0,0.7397,98.0,261.0
0.9353448152542114,9650.0,0.7397,99.0,232.0
0.8475610017776489,9700.0,0.7397,90.0,328.0
0.8527607321739197,9700.0,0.7397,91.0,326.0
0.8566977977752686,9700.0,0.7397,92.0,321.0
0.857594907283783,9700.0,0.7397,93.0,316.0
0.8692810535430908,9700.0,0.7397,94.0,306.0
0.8795986771583557,9700.0,0.7397,95.0,299.0
0.8854166865348816,9700.0,0.7397,96.0,288.0
0.8974359035491943,9700.0,0.7397,97.0,273.0
0.9130434989929199,9700.0,0.7397,98.0,253.0
0.9422222375869751,9700.0,0.7397,99.0,225.0
0.8589341640472412,9750.0,0.7397,90.0,319.0
0.8694267272949219,9750.0,0.7397,91.0,314.0
0.8701298832893372,9750.0,0.7397,92.0,308.0
0.8712871074676514,9750.0,0.7397,93.0,303.0
0.8775510191917419,9750.0,0.7397,94.0,294.0
0.882758617401123,9750.0,0.7397,95.0,290.0
0.8975265026092529,9750.0,0.7397,96.0,283.0
0.9061371684074402,9750.0,0.7397,97.0,277.0
0.9224806427955627,9750.0,0.7397,98.0,258.0
0.9414225816726685,9750.0,0.7397,99.0,239.0
0.8580441474914551,9800.0,0.7397,90.0,317.0
0.8653846383094788,9800.0,0.7397,91.0,312.0
0.8653846383094788,9800.0,0.7397,92.0,312.0
0.8697068691253662,9800.0,0.7397,93.0,307.0
0.8766666650772095,9800.0,0.7397,94.0,300.0
0.8873720169067383,9800.0,0.7397,95.0,293.0
0.8978873491287231,9800.0,0.7397,96.0,284.0
0.9191176295280457,9800.0,0.7397,97.0,272.0
0.9230769276618958,9800.0,0.7397,98.0,260.0
0.942148745059967,9800.0,0.7397,99.0,242.0
0.8803681135177612,9850.0,0.7397,90.0,326.0
0.887499988079071,9850.0,0.7397,91.0,320.0
0.8888888955116272,9850.0,0.7397,92.0,315.0
0.8925081491470337,9850.0,0.7397,93.0,307.0
0.8970099687576294,9850.0,0.7397,94.0,301.0
0.8979591727256775,9850.0,0.7397,95.0,294.0
0.9065743684768677,9850.0,0.7397,96.0,289.0
0.9110320210456848,9850.0,0.7397,97.0,281.0
0.9250936508178711,9850.0,0.7397,98.0,267.0
0.9487179517745972,9850.0,0.7397,99.0,234.0
0.8348348140716553,9900.0,0.7397,90.0,333.0
0.8333333134651184,9900.0,0.7397,91.0,330.0
0.8395061492919922,9900.0,0.7397,92.0,324.0
0.8416149020195007,9900.0,0.7397,93.0,322.0
0.8444444537162781,9900.0,0.7397,94.0,315.0
0.8476821184158325,9900.0,0.7397,95.0,302.0
0.8547297120094299,9900.0,0.7397,96.0,296.0
0.8641114830970764,9900.0,0.7397,97.0,287.0
0.8713235259056091,9900.0,0.7397,98.0,272.0
0.9032257795333862,9900.0,0.7397,99.0,248.0
0.8918918967247009,9950.0,0.7397,90.0,333.0
0.8984615206718445,9950.0,0.7397,91.0,325.0
0.9065420627593994,9950.0,0.7397,92.0,321.0
0.9085173606872559,9950.0,0.7397,93.0,317.0
0.9102563858032227,9950.0,0.7397,94.0,312.0
0.9174917340278625,9950.0,0.7397,95.0,303.0
0.9319728016853333,9950.0,0.7397,96.0,294.0
0.935943067073822,9950.0,0.7397,97.0,281.0
0.949999988079071,9950.0,0.7397,98.0,260.0
0.9628099203109741,9950.0,0.7397,99.0,242.0
